figure,references,text_len,ocr_items,avg_conf,ink_ratio,blue_red_ratio,class,ocr_preview
src01_p001.jpg,01_assignments_01.tex:48,293,15,0.8243,0.02412,0.0,text_heavy_convert_to_latex,1-1、D 解析：采川两刚片规则分 两个多余约束。 1-2、B 解析：原体系的计算川度W-3×3-1×2-4-3，做需要再补充:个约束。浙 在A处加入周是附，刚片ABC先并入人地，随眉刚片DE与人地链杆BD和饺 L连接，满两刚片规则可并入人地，同理F与人地同样满是两刚片规则，此时 原体系变为无多余约束的儿何不变体系。 1-3、C 解析：刚片ABC与人地山根不共线不交于点的链杆A，BD和CE，满是两 刚片规则，原体系为无多余约束的儿何不变
src01_p002.jpg,01_assignments_01.tex:82,191,8,0.8005,0.01878,0.0,mixed_text_and_diagram,1-5、4 解析：刚片如图所示，计算「度W_5×3-6×2-1×3-4--4。 1-6、X 解析：H大地依次增圳元体AB、ACB、ADC、DEC、DFE、LGII、EIG、FJI、 FKJ、KLF，KML，原体系为无多余约束的儿何不变体系。 1-7、解析：刚片AD、BL可接并入人地，链杆DE为个 LC与人地山间端C和饺L连接，满是两刚片规则川以 系为行3个多余约束的儿何不变体系。
src01_p003.jpg,01_assignments_01.tex:134,378,13,0.7923,0.03425,0.0,text_heavy_convert_to_latex,DO 1-8，解析：采而：刚片规则分析，各刚片如图所尔，刚片ABC与刚片CDL交下 饺C，刚片ABC与刚片GF链杆BI、AG连接交饺O、，刚片CDE与刚片TG用 链杆DF、（G正连接交饺O，，饺不共线满是：刚片规则红成人刚片，届与人地 山根不其线儿不交于点的链杆支连接，满是两刚片规则，原体系为无多余 约束的儿何不变体系。 1-9、解析：采用：刚片规则分析：各齐刚片如图所示，刚片ABC与刚片D館 杆BD、CF连接交了无穷远饺O：刚片ABC
src01_p004.jpg,01_assignments_01.tex:156,273,9,0.8222,0.03104,0.0,text_heavy_convert_to_latex,1-11、解析：先会掉元体AB、CEG，随盾有两个多余约束的刚片BCD与人地 H根不其线儿不交于点的链机D、CF和CG连接，满是两刚片规则，原体系 为有两个多余约束的儿何不变体系，两次超静定。 1-12、解析：刚ABC与人地根不其线不父点的链杆支座A和链柯CD 连接，满是两刚片规则可并入大地，随盾刚片BE大地同样由饺B和链杆F连接 满是两刚片规则，杆G正为多余约束。原体系为有”个多余约束的儿何不变体系。 1-13、解析：可将刚片3456
src01_p005.jpg,01_assignments_01.tex:204,250,12,0.7534,0.02426,0.0,mixed_text_and_diagram,1-14、解析：先去掉元似 不共线儿不父于：点的链 可无彩余约束的 儿何不变体系。 1-15、解析：计算门度W=7×2-13×1-1。采们两刚片规则分析，刚片ABC 与刚片DEF仪川链杆CD、BL连接，不满是两刚片规则，原体系为无多余约束的 几何常变体系。 1-16、解析：先县掉元体ABC，随盾宋刚片规则分析，各刚片如图所尔 刚片ADL与大地刚片由链杆D、LH连接交于无穷远饺O， H链机F、GI连接交了饺O，刚片ADE与刚片CFGH链杆
src01_p006.jpg,01_assignments_01.tex:230,120,5,0.7456,0.01415,0.0,mixed_text_and_diagram,01 1-17、解析：计算门山度W4×3-3×2-7×1--1。刚片AB叫先并入人地，随 采两刚片规则分析，利CD与人地根不其线不父：点的链科秤BC利支 座D连接，满是两刚片规则，CL杆为多余约束，敌原体系为有·个多余约束的儿 何不变体系。
src02_p001.jpg,02_assignments_01.tex:72,358,29,0.7977,0.02381,0.00022,text_heavy_convert_to_latex,几1 1-1图156所示体系的 A：儿何瞬变，无多余约束 C.几何常变 ID.儿何瞬变，有多余约束 1-2欲使图1-57所示体系成为无多余约束的儿何不变体系、则需在A端加人（ （中南大学2011，合肥T业大学2009） A.固定铰支座 B.固定支座 C.滑动铰支座 D.定向支座 1-3图1－58所示体系的几何构造性质是（）。（中南大学2009） A.常变体系 B.瞬变体系 C.无多余联系的几何不变体系 D.有多余联系的几何不变体系 [图
src02_p002.jpg,02_assignments_01.tex:128,354,26,0.7701,0.03066,0.0,text_heavy_convert_to_latex,图1-60 图1-59 图1-61 1-7 对图1-62所示体系进行几何组成分析。（哈尔滨工业大学2009） 1-8 对图1－63所示体系作几何组成分析。（武汉科技大学2009） 1-9 对图1－64所示杆件体系进行几何构造分析。（武汉理工大学2008） 图1-63 图162 图  64 1 - 10 计算图1-65所示体系的计算自由度，试分析其体系的几何组成。（华南理工大 学2012) 1 - 11  对图1-66所示平面体系进行儿何
src02_p003.jpg,02_assignments_01.tex:160,163,15,0.7922,0.01379,0.0,mixed_text_and_diagram,1- 14 试对图1-69所示体 1 ~ 15 计算图1-70的计算 局工程力学研究所 2010) 图1-69 图1-70 1- 16 对图1-71所示体系进行几何构造分析。（西南交通大学2008） 1 - 17 计算图1～72所示体系的计算自由度，并进行几何构成分析。（北京工业大学 2010) 图1-71 [图 1 -72
src03_p001.jpg,03_assignments_02.tex:258,301,13,0.8119,0.02126,0.0,text_heavy_convert_to_latex,a）解：取整体隔离体竖 对B点取知得B处支座反力 （b）解：整体隔离体竖向力平衡，可得A处竖向支反力 F=15×1+30= 45KN(个) 对A点取知得A处支座反力矩 M-15×1×2.5+30×3-127.5KN-m（逆附） （c）解：收整体隔离体对C点取，由F×3+30-40×1.5=0，川得B点竖向支 反力F=10KN，紧向力衡得F=30KN： （d）解：取整体隔离体对A点取，山F×10-4-0.2×10×5=0，可得B点坚向 支
src03_p002.jpg,03_assignments_02.tex:444,284,14,0.7457,0.01889,0.0,text_heavy_convert_to_latex,6K.1-0m （T）解：取整体隔离体对A点取知，F.x4u-qxax4.5a=0，可得B点竖向支 反力F=1.125qc，坚向力衡得F=0.125qa。 （g）解：整体隔离体竖向力平衡，可得A处竖向支反力 . = 5×=5KN(个) 对A点取知得A处支座反力矩 M，-5×1×2-10KN·m（逆附） （h）解：取整体隔离体竖向力平衡，川得A处竖间支反力 F.m. =15KN(↑) 对A点取知得A处支座反力矩 M，-10+15×1-25
src03_p003.jpg,03_assignments_02.tex:714,205,8,0.7763,0.01755,0.0,mixed_text_and_diagram,（i）解：取整体隔离体对 3a （k）解：取整体隔离体对A点取，可得F×2a+F×a=q×2axα；取BC 分隔离体对C点取短可得F%×(=Fu×a，联立解得下B一 整体坚向力和水力平衡，可得A处支座反力： （1）解：取整体隔离体对A点取知，叫得Fm×10=2×5×7.5→F=7.5KV；取 BC部分隔离体对C点取知叫得F×5-×6+2×5×2.5→ 体紧向力和水平力平衡，可得A处支座反力F，=2.5KN，
src03_p004.jpg,03_assignments_02.tex:788,0,0,0.0,0.00814,0.0,diagram_heavy_redraw_or_crop,
src04_p001.jpg,04_assignments_02.tex:74,148,27,0.6885,0.03327,0.00193,mixed_text_and_diagram,求解图示结构的支方 30 kN kN/m Im 3m (a) (b) 4kN·m 40kN 30kN-m 0.2kN/m 10 m 4m (c) (d) 20 kN-m 20 kN 6 kN·m 5a 3 m (e) I5kN .10kN.m 5 kN/m I m 2.5m (9) (h (1)
src04_p002.jpg,04_assignments_02.tex:86,13,4,0.6229,0.0086,0.00184,diagram_heavy_redraw_or_crop,5m 5m (k) (m)
src05_p001.jpg,05_assignments_03.tex:172,323,26,0.7247,0.02185,0.0,text_heavy_convert_to_latex,（a）解：取整体隔离体坚 对B点取知得B处支座反力 （1侧受拉） 面禹原构弯短图和剪力图如图（a）（b）所尔。 1/6go 1/200 (a) (b) （b）解：取整体隔离体竖向力平衡，可得A处坚向支反力 F=15×1+30=45KN个），对A点取得A处支座反力矩 M，=-15×1×2.5-30×3--127.5KN·m（F侧受拉）弯短图图（a）所尔。 127.5 45 30 37.5 M图(KV-m) Q图(KN) (a) (b) （
src05_p002.jpg,05_assignments_03.tex:296,294,30,0.7096,0.02177,0.0,text_heavy_convert_to_latex,（d）解：取整体隔离体对 支反力F=1.4KN，坚紧尚， J偶，两侧截面 的弯知有突变，C左侧截 Ml =0.6×8-0.2×8×4=- 平衡得 M”=2.4KN·m（下侧受拉）。出弯图和剪力图如图（b）（c）所尔。 4KN-m 1.6 0.2KN/ 0.8 2.4 M/图 (KN-m) (a) (b) 0.6 1.4 Q图(KN) (c) （c）解：取整体隔离体对A点取知，山F×3-6-20×2-20=0，可得B点竖向 支反力F=22
src05_p003.jpg,05_assignments_03.tex:432,287,25,0.7195,0.02071,0.0,text_heavy_convert_to_latex,"（T）解：取整体隔离体对 反力F=1.125qq，竖向力 力图如图(b) (c）所尔。 M图 (a) (b) 1/8q1 (c) （a）解：取整体隔离体竖向力平衡，可得A处竖向支反力 F.. = 5×I= 5KN(↑) 对A点取知得A处支座反力矩 M,=-5×l×2=-10KN-m（:侧受拉) （）（） 01 25 M /3/ (KNm) Q//(KN) (a) (b) （b）解：取整体隔离体竖向力平衡，川得A处竖向支反力 F.m. ="
src05_p004.jpg,05_assignments_03.tex:558,203,24,0.6629,0.01919,0.0,mixed_text_and_diagram,(a) （c）解：取整体隔离体对A点取，山F×5a-g×3a×2.5a=0，可得B点竖向 支反F=1.5qa，竖向力平衡得F=1.5qa。面出弯短图和剪力图如图（b）（ c）所尔： 3/2qc 21/8009/800 M图 (a) (b) 3/2q 3/20ct (c) M，坚间力平衡得 反力 M. 出弯图和剪力图如图（b）（c）所 3a 3u 2M. 4/3M. 1/3MJ (a) M/3ct (c)
src05_p005.jpg,05_assignments_03.tex:676,253,34,0.6743,0.01958,0.0,mixed_text_and_diagram,（c）解：取整体隔离体对 F=14KN。博山整体紧冶 [出湾图和] 剪图如图（b）（c）所 20 4K.1/m 4K1m 20K.vm M/g/(KVm) (a) FB FA (b) 14 (c) T）解：取整体隔离体对A点取，山×4a+ 二#×2a-Fxa+F×3a，得B 下，博扫整体坚向力平衡，可得A处支座反力 处支座反力 16 16 出湾弯图和剪力图如图（b） （c）斯尔： 3/8F0 1/8F 5/16/c 5/16Fa (a)
src05_p006.jpg,05_assignments_03.tex:760,235,27,0.6923,0.01952,0.0,mixed_text_and_diagram,（g）解：取整体隔离体对 KN，博山整体坚冶 出弯矩图和剪 力图图（b）（c）所尔 1.4 (a) (b) 12 (c) （h）解：取整体隔离体对A点取知，山F，×6=10×6×3+250×2+250×4川得B 处支座的竖向反力F=280KN，再整体坚向力衡，可得A处支座反力 F=280KN。弯图和剪图如图（b）（c）所尔。 I(OKN/H 540 545 540) (a) M图/(KNm) (b) 280 260 10 10) 260
src05_p007.jpg,05_assignments_03.tex:828,107,13,0.7104,0.01304,0.0,mixed_text_and_diagram,（a）解：取CD部分隔离 力F=q，博取AC部分， 侧受拉）：出弯知图和 1/8ga- 1/2ga FB (b) (a) (e) （b）解：【知AC为杆，没有剪利湾，湾图和剪图图（a） (b）所示。 (a) (b)
src06_p001.jpg,06_assignments_03.tex:54,120,20,0.7187,0.01307,3e-05,mixed_text_and_diagram,、画剪力图和弯矩图 30kN [5 kN/m Im 3 m (a) (b) 4kN-m 140 kN 30kN-m 0.2kN/m 10m 4m (c) (d) 20kN.m20kN 6 kN.m 3m (c) 小鹿1木考研第43/359页
src06_p002.jpg,06_assignments_03.tex:128,162,29,0.7077,0.02516,0.0,mixed_text_and_diagram,试利用荷载集度、剪力 2.5 m (a) (b) M. 2M 3a 3a (c) (d) 4 kN-m 20kN-m 4 kN/m DA 4m 44 (c) (f) 2kN/m 10kN/m 250kV250kN 6m (g) (h) 试作下列具有中间铰的梁的剪力图和弯矩图 M. (a) (b) 小鹿木考研第44/359页
src06_p003.jpg,06_assignments_03.tex:156,173,17,0.5964,0.02605,0.0,mixed_text_and_diagram,"(a) a-) (a-1) 1-1致上由50，后： IMso, M= - +h. 考,势中因如目a-1),(a3)h手 (6-3) (A-2) 70 1520,Q=x+305 M=+45X 7- A 130 +2520, Q= 15×0. X)+30 =7 Im70,  +30x0-)+15x M= -155+5-7 小鹿1木研第45/359页"
src06_p004.jpg,06_assignments_03.tex:188,121,10,0.61,0.02532,0.0,mixed_text_and_diagram,"Q= (75-15x)1g, 2 x53 173 Qi. w) 由平糕 IMg20, Fe.了 = Jo +40 x1.s, l:Jo. 取AC 较随离伴，由于 AC段旁力为0,可碍Mz=30b4m 30 70 10 小鹿木研第46/359货"
src06_p005.jpg,06_assignments_03.tex:210,224,13,0.6059,0.02345,0.0,mixed_text_and_diagram,"取整母病岛注由1MA:0, 0.1×bX5 +9 -后×10 =0, 门后: 14h. 15=0,E+后=azxho, Fa= 0.byw 取 Ct例到终随务体 0.2 由1Mc = 0, Mct +后x2 - 0.2×2] ≥0, Mt : 2.4 h以m(下例) 由点平项了日行 M：biwn(上例经控)可就b图力 16 1.4 0. M图ckun) 由于学上无力，改要力国突变,为杂直线,孕4为a.2 , 0.6 小鹿1木考研第47/"
src06_p006.jpg,06_assignments_03.tex:240,149,7,0.6279,0.02544,0.0,mixed_text_and_diagram,"b k.. 功整为随禽体,对A粒加短,由g0, 6+20+20× 2 一后X了0. 后=2 K, 5520,丙+20-斤=0，52 Bzmc 0, Mc +2X 2 - 620, Mc: 2 kmm c0, Qi+220, Qu=2k IMero, Me = tta"". 小鹿木号研第48/359货"
src06_p007.jpg,06_assignments_03.tex:264,144,7,0.5841,0.02244,0.0,mixed_text_and_diagram,"(α) 由AC剪力为 W.可 AL技胍多W.列 Me= 2.5 W-r 上图争拍) M ( k.m) Ac 结明剪力不复,为kv, Uc技勇力y命为的而相能人 5 1al 较为0.0,Q0. 整本确名, zM =0. Mlg =5× 1+0 =25 kM.m 小鹿1木考研第49/359页"
src06_p008.jpg,06_assignments_03.tex:284,67,4,0.6157,0.02618,0.0,diagram_heavy_redraw_or_crop,"由林可得后斤90= 根星QAL2a，Ms 0,可行 McA:ta*(T)=MD) gp=C2技剪力每+为 , 小鹿木研第50/359货"
src06_p009.jpg,06_assignments_03.tex:302,54,3,0.6294,0.02357,0.0,diagram_heavy_redraw_or_crop,"以整体陷需体，由M-0,4+4×4×2+20-后×420,：141W 0=44，2 小鹿木研第51/359货"
src06_p010.jpg,06_assignments_03.tex:324,133,7,0.6086,0.02557,0.0,mixed_text_and_diagram,"取整降隔离体,由0, 后×2=2×1x±,后   (m) 取 C左间列月点终务体 IMc30. Me +5x2 - Jox2x1 20. MoA--hu kwv. *0, Q 10x 2一月0, Qc:2 Igro, +eut sblw. 小鹿木号研第52/359货"
src06_p011.jpg,06_assignments_03.tex:352,82,12,0.5914,0.0187,0.0,mixed_text_and_diagram,50. 给构称下，力为针 290 24.0 092 (0) 双r纹洋，升致，可得 Mr= 9a.a =95 取Acm件 81 Me'SAC 小鹿木研第53/359货
src06_p012.jpg,06_assignments_03.tex:370,51,4,0.6209,0.01166,0.0,diagram_heavy_redraw_or_crop,"由0,后0放 由Mzo,MAaC=ta' Tg-0, 23c 2 -94. 小鹿木号研第54/359页"
src07_p001.jpg,07_assignments_04.tex:98,368,42,0.7547,0.02864,0.00048,text_heavy_convert_to_latex,结力基础 图2-60所示结构截面（以1为 2-1  。西南交通大学 2008) A. M B. -M C -2M D. 0 2-2图2-61所示结构剪力FQm （重庆大学2010） 图2-60 图 2 - 61  ，剪力为 2-3图2-62所示刚架中AB杆的弯矩为 （河北工业大学 2010) 2-4图2-63所示刚架，AD杆截面D弯矩MmM= （内侧受拉为正）。（浙江 大学2011) 10kN-m NMOE 5kN-m 4m 8m 图 
src07_p002.jpg,07_assignments_04.tex:186,420,44,0.7167,0.03107,0.0,text_heavy_convert_to_latex,2-7求图2-66所示结构 2-8 绘出图2-67所示结# 40k.V 40kN 4元 图 2 - 66 图 2 - 67 .2-9作图2-68所示静定刚架M图。（福州大学2008） 2-10  绘制图2-69所示结构的弯矩图。（武汉科技大学290945 10Vm 20kN 2kNim 3kN-m 3m 2m 2m 3m (图 2 - 68 图 2 - 69 2 - 11  绘图2~70所示结构的弯矩图。（重庆大学2012） -2-12
src07_p003.jpg,07_assignments_04.tex:258,391,37,0.7351,0.03635,0.0,text_heavy_convert_to_latex,2 - 15 作图2-74所示 2 - 16 求图2-75所示线 大学2008) 30kN-m 30kN 8m 图 2 - 74 图 2 - 75 2 - 17 作图2－76所示结构的弯矩图。（无须写出分析过程）（东南人学2007） 2 - 18  作图2-77所示结构弯矩图。（中南大学2010) 10kN/m 20kN/m 10kN/m 40kN 6m 6m 2m 2m 图2-76 图 2 - 7 为二次抛物线，试确定结构所受的荷载情
src07_p004.jpg,07_assignments_04.tex:284,74,14,0.6787,0.00636,0.0,diagram_heavy_redraw_or_crop,2 - 21 不经过计算，绘制 2 - 22  2试求解图2-81所 2m 10kN-m 3m 3m 3m 5m 3m 3m 图 2-80 图2 -
src07_p005.jpg,07_assignments_04.tex:306,68,9,0.602,0.01673,0.00085,diagram_heavy_redraw_or_crop,"M NE I fhy 22. :QBA -0. 2-3 335 Ex0, Fx= wx4- toky (ay/ 4: +4× 2 40."
src07_p006.jpg,07_assignments_04.tex:336,107,11,0.5849,0.02432,0.0001,mixed_text_and_diagram,1x5=90 M=94×4-249×4=29g （4学拉) 为附属场 本x 1ox4= to0.m × 218 kW.m b pam Fyox 4= 5x 6 12 40 [0X 4* ix 16x 40 70km
src07_p007.jpg,07_assignments_04.tex:360,150,13,0.6222,0.02071,7e-05,mixed_text_and_diagram,40×4x A院用音如法 Mg= 87x2 + 40×2+1= 2 (00 kn.m 40 240 140 4d DE剪M常数 2Fp MA= 2xG-Fp×0= F9. Fj4x 4= 3+ 2xx 2= 12 Mc=3× 2  2x2 x[= 2 kv.  M- bx1- 2xix-= 61=5
src07_p008.jpg,07_assignments_04.tex:386,52,10,0.5744,0.0186,0.0,diagram_heavy_redraw_or_crop,"10x3号=4 Mes 1by "" Hev? 40 kv 45 120 10 120 40 212 ML"
src07_p009.jpg,07_assignments_04.tex:408,51,5,0.6271,0.01681,0.0001,diagram_heavy_redraw_or_crop,2-1 2424 1=4 8=1+ ++ =4W Mt= 3×4+ 2x2×- 4= 20. MABX
src07_p010.jpg,07_assignments_04.tex:452,67,16,0.6521,0.01898,0.00044,diagram_heavy_redraw_or_crop,.ob 8.75 30 40 30 8.75 30 40 40 8.75 30 10 40 48.75 Fo图(kN) FN图(kN)
src07_p011.jpg,07_assignments_04.tex:470,31,2,0.5645,0.01116,0.0,diagram_heavy_redraw_or_crop,Mute Fpxg= Fpg 10×632160 180182
src07_p012.jpg,07_assignments_04.tex:522,140,10,0.5958,0.02388,0.00216,mixed_text_and_diagram,0 13  Frxx 9+ Wxbx3 168 1xs 652-5 Ix%0 Fx + b0+ 10x 3=72. 6t2.7 M6r= 6**+ 10x*±-115x9 2-8 FHX（田M可得） +x$+2ttol c++hu] Fuxx 4+ 10x 2+1- Fmy+ 2
src07_p013.jpg,07_assignments_04.tex:546,103,12,0.6509,0.01682,0.0,mixed_text_and_diagram,(0b- nt)午 =()* * xFx4= (45 F=6kN Mb- IBX 4- 2+4+2= 2  FBy 45V 1Ax=2.5kV 3.5 3.5 3.5 2.5 FQ图(kN) Fv图(kN)
src07_p014.jpg,07_assignments_04.tex:558,37,5,0.5583,0.01823,0.0,diagram_heavy_redraw_or_crop,tb 2 22. 013 B格一F Mr Fp× )- Fpx 2= 3p
src08_p001.jpg,08_assignments_05.tex:38,218,17,0.7832,0.01855,0.0,mixed_text_and_diagram,研究生入学考试辅导丛书结构大 Fp (a) 图 2 - 139 六、练习题 2-23图2-140所示桁架中零杆的数为（不包括支座链杆）（ ）。（中南大学 2010) A.6根 B.7根 C.8根 D.9 根 2-24计算图2-141所示桁架中1、2杆件的轴力。（重庆大学2010) 图2-140 图 2 - 12 2-25求图2-142所示结构中指定杆件1、2的轴力。（广州 2-26求图2-143所示结构中指定杆件1、2的轴力。（广州
src08_p002.jpg,08_assignments_05.tex:88,292,21,0.7617,0.03177,0.0,text_heavy_convert_to_latex,50kN 30kN Fp 图 2 - 112 图2-143 2-27求图2－144所示桁架中1、2杆的轴。（西南交通大学2008） 2-28作图2-145所示桁架中a、h、c杆轴力，（西南交通大学2010） Fp 2F 图2-144 图2-145 2 - 29 试求图2-146所示桁架中α、6杆件的内力。（东北大学2007） 2-30求图2-147所示桁架中a、6杆件的内力。（北京航空航天大学2008） 2d 6xl 图2-146 图 
src08_p003.jpg,08_assignments_05.tex:160,462,26,0.774,0.03363,0.0,text_heavy_convert_to_latex,研究生入学考试辅导丛书结构力 图2-148 图 2 - 149 七、练习题答案 2-23 C. 2-24 F=/2Fp/2; Fz2=—Fp/2。 2 - 25 F--50kN;Fs2--50/2/3kN。 2-26 F=4V2Fp/3;Fs2=2V10FP/3. 2 - 27 FN=/2FP:FN20。 2-28F一一/2F/2，Fm—/2Fp/2：FN一Fp/2。提示：先求支座反力，再依次取 截面I-I、Ⅱ-Ⅱ、Ⅱ-Ⅲ，见图2-15
src09_p001.jpg,09_assignments_06.tex:58,355,25,0.8004,0.02786,0.0,text_heavy_convert_to_latex,研究生入学考试辅导丛书结构力 根据结构与荷载特点，尽量利 (a) 图 2-162 三、练习题 2-33图2-163所示结构中杆AB的轴力为（ ）。（哈尔滨业大学2011） A.0 B. —0.894 Fp C.—0.5Fp D. -Fp 2-34对图2-164所示结构，作受弯杆件的弯矩图，算出各链杆的轴力（标注在杆件 旁边）。（北京交通大学2010） 图 2 - 163 图 2 - 2 - 35 对图2165所示结构作弯矩图，并求杆件1
src09_p002.jpg,09_assignments_06.tex:112,177,21,0.74,0.02054,0.0,mixed_text_and_diagram,3m 4m 图 2 - 165 图2~166 图2-167 2k/m 4m 图 2 - 168  图2-169 四、练习题答案 2- 33 2 34 答案见图2170。 2 - 35 FN1=—2ql；弯矩图见图2-171。 2 - 36 弯矩图、剪力图、轴力图如图2－172（a）、（b）、（c）所示 M图、F图 M图 图 2 - 170 图2-171
src09_p003.jpg,09_assignments_06.tex:200,360,41,0.7442,0.03218,0.0,text_heavy_convert_to_latex,研究生入学考试辅导丛书结构力 40 140 140 50 300 350 M图(kN-m) Fo图(kN) FN图(KN) (b) (8) (c) 图 2 - 172 2~37 弯矩图如图2-173所示。 2 -38 弯矩图如图2-174所示。 2 - 39 弯矩图如图2-175所示。 Fpl 32 Fpl 24 2Fp! 48 2Fpr MEI M图 图 2 - 174  图2173 图 2-175 第四节三铰拱 、拱的受力特点 （1
src10_p001.jpg,10_assignments_07.tex:86,367,42,0.7321,0.02686,0.0,text_heavy_convert_to_latex,五、练习题 2-40图2-188所示-钟 轴线方程为 4 f 12 (lx2)。（广西大学2010) 2 - 41 图2=189所示二铰拱的水平支座反力是多少？（武汉大学2010） -20kN/m 48kN 20kN 20kN 10m 6m 6m 3m 3m 6m 图] 2 - 188 图2-189 2 - 42 图2-190所示结构中，链杆AB的轴力为 。（以受拉为正）（中南大学 2010) 2-43图2-191所示=铰拱，拱轴线方程
src11_p001.jpg,11_assignments_08.tex:58,162,8,0.8572,0.01348,0.0,mixed_text_and_diagram,五、练习题 3-1图3-48所示结构在任意长度可移动荷载20kN/m作用 值FQKmax为_ 。（天津大学2010） 3-2求图3-48所示结构在任意长度可动均布荷载20kN/m 矩|Mkmaxl。（华南理工大学2013) 3-3图3-49所示多跨梁，截面K的剪力影响线在K点的 ，在图示移动荷载作用下，截面K的剪力最大值为
src11_p002.jpg,11_assignments_08.tex:162,499,44,0.7366,0.04688,0.0,text_heavy_convert_to_latex,研究生入学考试辅导丛书结构力： 20kN/m Im 8m 4m 2ml2ml 2m 图3-48 图3-49 3 - 4 用机动法作图3-50所示多跨静定梁中MA、F、Me、MH的影响线。（湖南大 学2008） 3- 5 作图3-51所示结构的FQK左、FQk右、Mk（下侧受拉为正）影响线。（广州大学 2011) [Fp=] Fp=1 1m 3m [Im LIm lIm/ 1m 2m 2m 2m 2m 图3~50 图3-51 3-6用静力
src11_p003.jpg,11_assignments_08.tex:242,518,32,0.7678,0.04505,0.0,text_heavy_convert_to_latex,6xa 图3-55 3-11图3-57所示结构，单位荷载Fp=1方向向下，沿B、C、D运动。（1）作轴 力FNDE、剪力FQc和M的影响线。（2）若CD杆受到图示荷载作用，利用影响线计算 FnDE和Mr。（武汉理工大学2011） [Fp-=1 4kN/m 4m 3m 4m 3m 4m 4m 3m 图3-56 图 3-57 3-12试求3-58所示结构内力影响线MB、FNB4、FQ:（单位荷载Fp=1在DF段移 动）。（青岛理工大学200
src11_p004.jpg,11_assignments_08.tex:292,104,22,0.6804,0.00936,0.0,mixed_text_and_diagram,研究生入学考试辅导丛书结构力学 Fp=1 FHA Fhe 12 3m 3m 112 图3-60 图 3 - 61 30kN 10kN |30kN Im Fp=1 2m 6m 4m 4m 4m 4m 图3-62
src11_p005.jpg,11_assignments_08.tex:318,15,5,0.5828,0.01684,0.0,diagram_heavy_redraw_or_crop,五习题 ym 2m 33 2m
src11_p006.jpg,11_assignments_08.tex:336,28,5,0.56,0.01777,0.0,diagram_heavy_redraw_or_crop,3-6. Ioy × 44 = X--h? 40 :40
src11_p007.jpg,11_assignments_08.tex:372,92,13,0.6023,0.02961,0.01419,mixed_text_and_diagram,"40 40 JG-X EM=0 ,Foy× 44+ 1x[×-t4)0, = 24 FRE- 40 Hob- 792x x9a, Fyp= M-X ×84- 1(99-×)=× ME="
src11_p008.jpg,11_assignments_08.tex:386,14,2,0.7084,0.03777,0.00693,diagram_heavy_redraw_or_crop,当单位力作用在上弦。 斗在D
src11_p009.jpg,11_assignments_08.tex:396,23,3,0.6564,0.01787,0.00566,diagram_heavy_redraw_or_crop,在6左例右史， Fm=F，在右时 例，F=Fa
src11_p010.jpg,11_assignments_08.tex:452,334,18,0.752,0.03747,0.0,text_heavy_convert_to_latex,单位力作川在下弦附 （1）杆轴彤响线 于作用在「弦札同，可接酬出 （a）所示。 (0) （2）1杆轴力影响线 采用联合法，断开1杆［见图（b）」。令晰II两端发生单位利对位移，AC、DB段影响线应分别保 持为线，取A、C、D和B为关键点。单位作用在A点和B点附，力通过坚杆直接传递给人地了， 所以y-0。单位力作川在C点时，如图（c），求出支庞反力，取「一「截而以石部分隔离体，根 据贤向力衡川求出 断斥1杆府，链杆和CD相尚」定向节点，因
src11_p011.jpg,11_assignments_08.tex:492,209,14,0.7343,0.02923,0.0,mixed_text_and_diagram,（1）3杆轴影响线 采用联合法，断开3杆［见图（1 E、BF段影响线应分别保 持为线，取A、E、B和F为关键点。 上竖杆南接传递给人大地了， 所以y-0。非单位力作川在E点止 截而以石部分隔离体，根 V2 据竖向力平衡可求出N 当断开3杆盾，链杆KL利E利当于定向节点，因此AE和BF两段的 V2 影响线应保持平行，根据AE段影响线，可以求出单位力作用在F点附N 连接所有关健点竖 标，可得3杆力影响线，如图（h）所。
src11_p012.jpg,11_assignments_08.tex:498,0,0,0.0,0.00881,0.0,diagram_heavy_redraw_or_crop,
src11_p013.jpg,11_assignments_08.tex:508,0,0,0.0,0.00736,0.0,diagram_heavy_redraw_or_crop,
src11_p014.jpg,11_assignments_08.tex:634,314,20,0.7742,0.02384,0.0,text_heavy_convert_to_latex,"3-11、(1) 解：1F影响线 采用联合法：取B、C、D为关键 力为 0.当单位力作用在 D 点时如图（a）所示，根据结点D竖向： 影响线如图（b）所示。 (b) 2Fomc影响线 用机动法。去掉相应的约束，画出虚位移图[见图（c)）]．令Foi对应的位移等于1．求出影响线的竖标 后可得到BC杆B端截面的剪力影响线如图）（d）所示。 (c) (d, 3MB影响线 用机动法。去掉相应的约束，画出虚位移图[见图】（e)]、令M&对应的位移"
src11_p015.jpg,11_assignments_08.tex:642,11,1,0.6182,0.0104,0.0,diagram_heavy_redraw_or_crop,岁F作用于时，NWAB
src11_p016.jpg,11_assignments_08.tex:664,53,8,0.5549,0.02934,0.00984,diagram_heavy_redraw_or_crop,3、作用处，M h作用ob，M 作用于B M作CID时，k。 MB向线 ），，因物彩同线为 N. N120
src11_p017.jpg,11_assignments_08.tex:688,11,2,0.6473,0.01958,0.0,diagram_heavy_redraw_or_crop,0:1W (1) Fp
src11_p018.jpg,11_assignments_08.tex:694,0,0,0.0,0.00086,0.0,diagram_heavy_redraw_or_crop,
src12_p001.jpg,12_assignments_09.tex:46,146,14,0.7292,0.0102,0.0,mixed_text_and_diagram,六、练习题 （哈尔滨下州大学 2009) A.2Fpa*/EI B.Fpa²/EI C. 5Fpa/(4FI) D. —5Fp/(4EI) 4-2图4-44所示悬臂梁，B点的竖向位移为 [Fe 2EI 图 4- 43 4-3图4-45所示桁架，C点的水平位移（）。（西南交 A.向左 B.向右
src12_p002.jpg,12_assignments_09.tex:142,465,38,0.7666,0.04257,0.0,text_heavy_convert_to_latex,C.等于零 4-4图4-46所示刚架 ：两点距离 （河北L业大学2010） 图4－47所示架，1 4-5 （大津大学 2010) FAI Fp EA2 图4- 45 图4-46 图4-47 4-6求图4-48所示结构A、B两点的相对水平位移，FI=常数。（中南大学2012) 4-7画出图449所示结构的弯矩图，并求C点的水平位移。设各杆EI相同，且忽 略其轴向变形。（湖南大学2012） 4-8试求图4-50所示结构中截面B左右两侧的相对
src12_p003.jpg,12_assignments_09.tex:268,442,57,0.7023,0.02748,0.0,text_heavy_convert_to_latex,研究生入学考试辅导丛书结构 4-12图4-54所示 庆大学2012) 4-13图4-55所示多 位移=0.001rad， 图中[=10m，则铰B两侧崔 009) 4m 2m 2m 图 4 - 54 图4-55 4-14计算图4-56所示结构由于支座移动产生的铰C的角位移。（湖南大学2008） 4 - 15  5求图4-57所示结构A点竖向位移△vA：EI=常数。（西南交通大学2007) K-ELP 0.01m 4m 2m 图 4- 56
src12_p004.jpg,12_assignments_09.tex:312,138,18,0.7073,0.00949,0.0,mixed_text_and_diagram,"特点判断)。 Finco""qu Fx--2qa 1.5qqm 1.5qd M图 图4-58 图4-59 4 - 12 0. 005rad (() 4-13 0. 003rad ()。 4 - 14 Pc=0. 003 3rad ()。 3gl! 4 - 15 ""(+) 8E1"
src13_p001.jpg,13_assignments_10.tex:102,570,41,0.7939,0.04322,0.0,text_heavy_convert_to_latex,研究生入学考试辅导丛书结构力 八、练习题 1.基本概念 5－1判断题。力法方程，实际上是力的平衡方程。（）（福州大学2012） 5-2判断题。图5-125（a）所示桁架结构可选用图5-125（b）所示的体系作为力 法基本体系。（ ）（西南交通大学2008） 5-3 图5－126（b）所示结构可作为图5-126（a）所示结构的基本体系。（ （烟台大学2013） (a) (b) (0) (b) 图5 - 125 图5-126 5－4对比图5
src13_p002.jpg,13_assignments_10.tex:206,544,43,0.7903,0.03838,0.0,text_heavy_convert_to_latex,(a) (b) 图5-129 图5·130 B. MA>Mp A. M=MH C. MA<Mr D.不确定 5-9结构上没有荷载就没有内力，这个结论在什么情况下适用？在什么情况下不适 用？（四川大学2009） 5-10判断题。图5-132所示两铰拱，已知支座B处下沉了△=0.01f，此时的水平 反力为零，EI常数。（ ）（天津大学2011) 5 - 11 图5133所示结构，为了减小基础所受弯矩，可（ （西南交通大学 2012) B.增
src13_p003.jpg,13_assignments_10.tex:304,317,38,0.7203,0.0307,0.0,text_heavy_convert_to_latex,研究生入学考试辅导丛书结构力 3kN EA 1. 0/4  6m 图5-134 图 5 -135 图 5 - 136 Mo Fp 13 10kN/m 3m 3m (a) (9) 图5-137 图5-138 图5-139 3.对称性的利用 5-18 图5~140所示结构中各杆EI=常数，在给定荷载作用下，H VA- （浙江大学2009） 图5-141所示桁架中杆轴力FN:= 4FN2= 5 - 19  （西南交通大学 2010) 5-20
src13_p004.jpg,13_assignments_10.tex:406,526,42,0.7616,0.04214,0.0,text_heavy_convert_to_latex,"5-21判断题。图5-143 M=0,Fα≠0,F=0,FNA3=( 5-22用力法求图5-144 矩图。设受弯 各杆EI=常数，而CD杆的EA 5-23用力法计算图5-145所示结构，并绘出M图。已知EA=EI/16，EI=常数。 （合肥工业大学2008） 2q q 16kN/m EA EI EA 2m 2m 2m 图5-143 图 5-144 图5-145 5 - 24  图5-146所示结构，EI=常数，用力法作其M图（利用对称性"
src13_p005.jpg,13_assignments_10.tex:472,42,6,0.7471,0.00668,0.0,diagram_heavy_redraw_or_crop,研究生入学考试辅导丛书结构大 EA 20kN 6m 图 5 - 149 图5-150
src13_p006.jpg,13_assignments_10.tex:486,0,0,0.0,0.0042,0.0,diagram_heavy_redraw_or_crop,
src13_p007.jpg,13_assignments_10.tex:500,4,1,0.5461,0.00896,0.0,diagram_heavy_redraw_or_crop,tyu:
src13_p008.jpg,13_assignments_10.tex:514,0,0,0.0,0.00499,0.00017,diagram_heavy_redraw_or_crop,
src13_p009.jpg,13_assignments_10.tex:532,33,2,0.5998,0.01034,0.00277,diagram_heavy_redraw_or_crop,241y 16+ 2x3x 23+ 1u25t b6457 3.V
src13_p010.jpg,13_assignments_10.tex:542,5,2,0.5829,0.00472,0.0,diagram_heavy_redraw_or_crop,M. 12
src13_p011.jpg,13_assignments_10.tex:562,10,1,0.5676,0.00798,0.00042,diagram_heavy_redraw_or_crop,81.= D.854
src13_p012.jpg,13_assignments_10.tex:572,0,0,0.0,0.00408,0.0,diagram_heavy_redraw_or_crop,
src13_p013.jpg,13_assignments_10.tex:592,6,2,0.5213,0.00869,0.0,diagram_heavy_redraw_or_crop,1.1 h.
src13_p014.jpg,13_assignments_10.tex:598,0,0,0.0,0.00582,0.0,diagram_heavy_redraw_or_crop,
src13_p015.jpg,13_assignments_10.tex:610,3,1,0.5519,0.01035,0.0,diagram_heavy_redraw_or_crop,212
src13_p016.jpg,13_assignments_10.tex:620,9,2,0.5088,0.00897,0.0,diagram_heavy_redraw_or_crop,Mp. U+ s?
src13_p017.jpg,13_assignments_10.tex:642,22,5,0.5913,0.0134,0.00075,diagram_heavy_redraw_or_crop,4p-xxtX429 2. 36 18 18
src13_p018.jpg,13_assignments_10.tex:658,0,0,0.0,0.00673,0.0,diagram_heavy_redraw_or_crop,
src13_p019.jpg,13_assignments_10.tex:670,19,2,0.644,0.01169,0.00558,diagram_heavy_redraw_or_crop,Snxit 60p=0 m图(w-m)
src13_p020.jpg,13_assignments_10.tex:678,0,0,0.0,0.00821,0.0009,diagram_heavy_redraw_or_crop,
src13_p021.jpg,13_assignments_10.tex:684,0,0,0.0,0.00226,0.00108,diagram_heavy_redraw_or_crop,
src14_p001.jpg,14_assignments_11.tex:188,321,22,0.7961,0.02937,0.0,text_heavy_convert_to_latex,研究生入学考试辅导丛书结构力 4.弹性支承超静定结构的计算 5-31图5－153（a）所示结构，取图5-153（b）为力法基本体系，其力法典型方程 为（ ）。k为弹簧刚度。（中南大学2012) 20kN EA=00 3m (a) (b) 图5-151 图5-152 图 5 - 153 5-32求图5-154所示结构在给定基本体系下的力法方程及方程中的所有系数。（青 岛理工大学2008) 5~33试计算图5-155所示具有弹性支座的结构，
src14_p002.jpg,14_assignments_11.tex:308,550,48,0.7568,0.03812,0.0,text_heavy_convert_to_latex,学2008) A.低温侧 B.高法 5-35判断题。取图 5-157 X2+A△2 4c=0 ）（福州大学2011) 4 兰-6 5-36图5-158所示刚架除承受荷载外，支座A下沉了△=2cm，且顺时针转动了9= 0.01rad。已知E2.1X10*kN/cm²，I=2000cm，用力法求此刚架的弯矩图。（华南理工 大学2009) X2 +2rc +rc 4m (a) (b) 图5-156 图 5 - 157 图5-158 6.超静定
src14_p003.jpg,14_assignments_11.tex:332,59,8,0.748,0.00493,0.0,diagram_heavy_redraw_or_crop,研究生入学考试辅导丛书结构力 据结构与荷载的特点，选用 理工.大学2011) 20kl 2m 2m 2m 图5-162
src14_p004.jpg,14_assignments_11.tex:340,3,1,0.5111,0.00775,0.0,diagram_heavy_redraw_or_crop,139
src14_p005.jpg,14_assignments_11.tex:356,12,1,0.5679,0.0068,0.00114,diagram_heavy_redraw_or_crop,-+. 143 2.4.
src14_p006.jpg,14_assignments_11.tex:366,0,0,0.0,0.00754,0.00027,diagram_heavy_redraw_or_crop,
src14_p007.jpg,14_assignments_11.tex:378,0,0,0.0,0.00589,0.0,diagram_heavy_redraw_or_crop,
src14_p008.jpg,14_assignments_11.tex:402,59,8,0.748,0.00493,0.0,diagram_heavy_redraw_or_crop,研究生入学考试辅导丛书结构力 据结构与荷载的特点，选用 理工.大学2011) 20kl 2m 2m 2m 图5-162
src15_p001.jpg,15_assignments_12.tex:116,623,48,0.7974,0.05512,0.0,text_heavy_convert_to_latex,研究生入学考试辅导丛书结构力学 十、练习题 1.基本概念 6-1位移法的典型方程上 司方程。（ ）（烟台大 学2014) 6 - 2 图6-117所示结构用位移法求解时，结点未知数为 ：（天津大学2008） 6-3 指出图6-118所示结构用位移法解题时，未知量的数目。（武汉大学2010） 6 - 4 图6-119所示结构，若用力法求解，其最多的未知量个数为 ；若用位 移法求解，其最少的未知量个数为 。（西安建筑科技大学2011) EA
src15_p002.jpg,15_assignments_12.tex:210,435,40,0.7414,0.04465,0.0,text_heavy_convert_to_latex,6 - 10 用位移法作图6－125」 2E1 图 6 - 124 图 6 - 123 图6-125 6-11  用位移法计算图6-126所示结构，作其弯矩图。各受弯杆件EI=常数。（湖南 大学2011) 6 - 12 用位移法求图6－127所示无侧移刚架的杆端弯矩，并绘制弯矩图。设已知各杆 件的相对线刚度：横梁为1，竖柱为1.5。（中国地震局工程力学研究所2011） 60kN 21kN/m 150kN-m Fp=qt 12m/2m 1
src15_p003.jpg,15_assignments_12.tex:292,311,27,0.7438,0.03599,0.0,text_heavy_convert_to_latex,"研究生入学考试辅导丛书结构力学 6-16试用位移法计算图 2008) 1/m E1,=0 El,=0 00 4m 4m 图 6 - 130 图 6-131 6 - 17  作图6-132所示结构的M图、F。图及FN图。（中国矿业大学2009 6-18用位移法作图6-133所示结构的M图。设横梁EI为无限大，各柱相对线刚度 如图中所示。（华南理工大学2010） 4kN/m 21 wot 图6-132 图6-133 1.对称性的利用 6 -"
src15_p004.jpg,15_assignments_12.tex:390,402,38,0.7402,0.03972,0.0,text_heavy_convert_to_latex,6 - 21 作图6-136所示结构 6 - 22 用位移法作图6-137 1东建筑大学2012) 4kN/m 3m t/2 3m 1/2 图 6- 136 图 6 - 137 6 - 23 用位移法作图6－138所示结构M图。各杆FI一常数。（山东建筑大学2009) 6 - 24 用位移法作图6-139所示结构M图。已知各杆E1=常数。（广西大学2010年） 40kN 4m 1/2 [图 6 - 138  图 6 - 139 6 - 
src15_p005.jpg,15_assignments_12.tex:464,445,29,0.8024,0.04515,0.0,text_heavy_convert_to_latex,研究生入学考试辅导丛书结构力学 5.不需计算绘制弯矩图的 6-28画出图6-143（a) 件抗弯刚度EI=常数。 （北京交通大学2010） If. +t'c (a) (b) 图6-142 图 6 -143 6-29定性地画出图6-144所示结构在图示荷载作用下弯矩图的大致形状。（武汉理 工大学 2010) 6.弹性支承超静定结构的计算 6-30用位移法计算图6-145所示结构并作M图，中间支座为弹性支座，其刚度系 数k=5EI/3，EI
src15_p006.jpg,15_assignments_12.tex:482,66,7,0.7355,0.00913,0.0,diagram_heavy_redraw_or_crop,6-34图6-149所示结构各 支座下沉△。试求B结点转角，并 学2010） EI 2gl 图 6 - 148 图 6 - 149 
src15_p007.jpg,15_assignments_12.tex:496,0,0,0.0,0.01026,0.0,diagram_heavy_redraw_or_crop,
src15_p008.jpg,15_assignments_12.tex:506,9,3,0.5686,0.01586,0.0,diagram_heavy_redraw_or_crop,M. at 130
src15_p009.jpg,15_assignments_12.tex:520,0,0,0.0,0.01284,0.0,diagram_heavy_redraw_or_crop,
src15_p010.jpg,15_assignments_12.tex:532,0,0,0.0,0.01079,0.0,diagram_heavy_redraw_or_crop,
src15_p011.jpg,15_assignments_12.tex:556,9,2,0.5394,0.01109,0.00059,diagram_heavy_redraw_or_crop,"13 Fn.""-1"
src15_p012.jpg,15_assignments_12.tex:570,3,1,0.5474,0.00675,0.0,diagram_heavy_redraw_or_crop,19.
src15_p013.jpg,15_assignments_12.tex:578,10,1,0.5303,0.00878,0.0,diagram_heavy_redraw_or_crop,11y++ *++ 
src15_p014.jpg,15_assignments_12.tex:614,9,3,0.5621,0.01996,0.00146,diagram_heavy_redraw_or_crop,31 M图 1.4
src15_p015.jpg,15_assignments_12.tex:620,0,0,0.0,0.01177,0.0,diagram_heavy_redraw_or_crop,
src15_p016.jpg,15_assignments_12.tex:626,2,1,0.5475,0.01045,0.0,diagram_heavy_redraw_or_crop,3.
src15_p017.jpg,15_assignments_12.tex:644,2,1,0.637,0.01473,0.00123,diagram_heavy_redraw_or_crop,12
src15_p018.jpg,15_assignments_12.tex:822,323,36,0.7389,0.02292,0.0,text_heavy_convert_to_latex,"6-25. 解：依次取正对称半结构和四 程为iX+R，=0：画出M 自由项为 4EI 45 将系数和自由项代入位移法方程 1+30=0，解方程得X,= 由对称性 2EI M=M,X1+M叠加得原结构最后弯矩图，如图（d）所示。 1OKN/m 30 1.1/3 15 基本体系 Mp图 (a) (b) (c) 22.5 11.2 20.5 11.25 (d) 6-26. 解：可将原结构荷载分解为正对称和反对称两种情况，正对称情况 本体系见图"
src15_p019.jpg,15_assignments_12.tex:914,298,34,0.6969,0.02199,0.0,text_heavy_convert_to_latex,"3KNm H1/2 基本体系 Mp/3 M/3 (a) (b) (c) 4.30,4.13 4. 13. 4.3() 0.085 0.085 (d) 同理反对称情况下取半结构，位移法基本体系见图（e)，取位移法方程为X，+R，一(： 画出M,图和M，图如图（f）（g）所示，各系数和自由项为 35 El 12 35EI 54 将系数和自由项代入位移法方程 解方程得X， :0. 由对称性 12 35E M=M,X+Mp叠加得正对称结构弯矩图"
src15_p020.jpg,15_assignments_12.tex:954,65,13,0.7196,0.00427,0.0,diagram_heavy_redraw_or_crop,3.34 2.31 96 1.03 0.86 2.3 0.515 0.515 0.43 反对称图 M图(KN-m) (h) (i)
src15_p021.jpg,15_assignments_12.tex:988,87,14,0.667,0.01393,0.00048,mixed_text_and_diagram,Yo- 1:94 SFN/18 SFp/18 Fpl/6 Fpt/18 5Fp/18 2Fpl/9 SFpl/18 Fpl16 Fpl/18 2Fp1r9 2Fp//9 M图
src15_p022.jpg,15_assignments_12.tex:998,0,0,0.0,0.00683,0.0,diagram_heavy_redraw_or_crop,
src15_p023.jpg,15_assignments_12.tex:1012,0,0,0.0,0.01179,0.0,diagram_heavy_redraw_or_crop,
src15_p024.jpg,15_assignments_12.tex:1020,0,0,0.0,0.00063,0.0,diagram_heavy_redraw_or_crop,
src15_p025.jpg,15_assignments_12.tex:1126,228,26,0.7297,0.01362,0.0,mixed_text_and_diagram,"6-32. 解：可将原结构支座位移分解 考虑，取反对称半结构.由于竖 法基本未知量, 取位移法基本体系见图(a)：1 M,图如图(b) (c）所示，各系数和自由项之 12iA  = 13/ , 12i△ 124 将系数和自由项代入位移法方程13iX， 解方程得X 由对称性 M=MX1+Mp叠加得原结构最后弯矩图，如图（d）所示。 127 17 12/13 12.13 131 12/13 1273 A1/8/(27.17) (a) (b)"
src15_p026.jpg,15_assignments_12.tex:1532,150,13,0.6582,0.00892,0.0,mixed_text_and_diagram,"6-33 解：结构有3个独立位移，加：：个附圳约束，出基本体系[见图a]：出M」 M、M：图和M，图[见图(b)-（e)]，列出位移法方程 uX, +X,+iX,+Rp-0 X+X,+X,+Rp-0 3X, +X +X,+Rp-0 计算刚度系数利项，即 E! 5EI FI fin=8 5ql 5ql"
src15_p027.jpg,15_assignments_12.tex:1766,113,20,0.6712,0.01676,0.0,mixed_text_and_diagram,px 13 El (a）基本体系 (b) Mi图 (c) M2图 1b (d) M3图) (c) Mp图 代入位移法方程，即 49q13 636EI 5ql EI 20q+ 159EI 5qt 461ql* X. 7632EI
src15_p028.jpg,15_assignments_12.tex:1776,3,1,0.5409,0.00972,0.00032,diagram_heavy_redraw_or_crop,113
src16_p001.jpg,16_assignments_13.tex:40,239,16,0.7903,0.01413,0.0,mixed_text_and_diagram,七、练习题 1.基本概念 7-1 图7-51 中哪一种 ：2005) 图1 7  5]  7-2图7-52所示结构AC杆A端的力矩分配系数μA一 （浙江大学2009） 7-3图7-53所示结构，要使结点B产片单位转角，则在结点B需施加的外力偶为 ）。（合肥1业大学2010、西南交通大学2010） A. 13i 1. 10; C. 91 D. 8t 7-4[图7-54所示刚架各杆的线刚度i=常数，要使A点发生顺时针的单位转角，则 A点需要
src16_p002.jpg,16_assignments_13.tex:134,451,35,0.7239,0.03075,0.0,text_heavy_convert_to_latex,"2EI 4m 图 7  52 图753 图 7 - 54 2．荷载作用下的计算 7-5图7-55所示结构，各杆EI为常数，截面C、D两处的弯矩值Mc、Mp分别为 ）。（单位：kN·m）（哈尔滨I业大学2009） A. 1.0.2.0 B. 2.0, 1.0 C.-1. 0, -2. 0 D. -2.0, -1.0 7-6 用力矩分配法求图7-56所示结构弯矩图，1=1。（广州大学2012) 7-7 用力矩分配法计算图7-57所示结构，并"
src16_p003.jpg,16_assignments_13.tex:258,442,51,0.7483,0.02531,0.0,text_heavy_convert_to_latex,7 - 10 用力矩分配法作图 建巩人学 2012) 7-11用力矩分配法求解 10kN 作M图。EI为常数（忽略剪力 岛理工大学2011) 3m 3m 2m 7 - 12 用力矩分配法计算图7-62所示结构， 图 7 - 60 并作M图，各杆EI相同、为常数。（重庆大学2011) 2kN/m 3kN/m 2kN/m 6kN-m 4m 4m 4m 图7-6] 图 7 - 62 八、练习题答案 7-1 D. 7-2 4/7。提示：C支座相
src16_p004.jpg,16_assignments_13.tex:328,186,28,0.7213,0.01096,0.0,mixed_text_and_diagram,08 25 10 16.88 15 t0'9 M图(×Fp41) M图（单位：kNm） 图7 - 65 图7-66 7-10 M图见图7-67。 7 - 11 M图见图7-68。 12 k8.57 3.43 20 25 M图（单位：kNm) M图（单位：kN-m) 图 7 - 67 图7-68 7 - 12 M图见图7-69。 16 M图（单位：N-m） 图 7- 69
src17_p001.jpg,17_assignments_14.tex:64,491,32,0.8009,0.02819,0.0,text_heavy_convert_to_latex,八、练习题 1.基本概念 8-1单元刚度矩阵是指 科技大学 2010、中国地展局工程力学研 A，杆端位移和杆端力 C..杆端位移和结点荷载 D.结点位移和结点荷载 8-2判断题。结构刚度矩阵反映了结构结点位移与荷载之问的关系。（ ）（烟台 大学2013） 2.刚度矩阵的计算 8-3试用先处理法建立图8-43所示结构的结构刚度矩阵，忽略杆件的轴向变形 （FI=常数）。（湖南人学2008） 8-4求图8-44所示刚架结构刚度矩阵的任意两个主
src17_p002.jpg,17_assignments_14.tex:166,638,47,0.7553,0.03373,0.0,text_heavy_convert_to_latex,4m  8 - 45 3/ 8 - .16 8-8按先处理法求图8-47所示连续梁的结点荷载列阵P。（西南交通大学2007） 8-9图8-48（a）所示结构，不考 轴向变形、整体坐标见图8-48（b），图中 20kN-r (1.0.2) (1.0.3) / 括号内数码为结点总码（力和位移按水平、  5kN 3kN 竖直、转动方向顺序排列），求等效结点荷载 列陈P（山东建筑大学：2008) 6kN/m 2kN 4kN SkNm [2kNi
src17_p003.jpg,17_assignments_14.tex:298,575,57,0.7114,0.02937,0.0,text_heavy_convert_to_latex,"元素： Fp Io-2m* M, 4m Im 图 8 - 51 图 8 - 52 12EI 6EI 4EI k32—k6z=—ks3=—ks kss=2k3=k6h (浙江大 13 学：2008） 8-14用矩阵位移法计算并作图8-53所示连续梁的弯矩图。各杆EI相同，为常数。 （重庆大学2009） 10kN/m 30kN-m 20kN NX01 6m 6m 图 8 - 53 九、练习题答案 8 1 A. 8-2 X。提示：反映的是结点"
src17_p004.jpg,17_assignments_14.tex:360,335,28,0.774,0.01822,0.0,text_heavy_convert_to_latex,"8-1012阶。P2—（q 假设杆端弯矩逆 时针为正）。 5. 1ki. 2.4kV.m 8-11 。提示：原题未规定结点转角的正方向，读者可以根据荷 4.5kN -1.2k.V.m, 载情况判断出4结点转角应该为逆时针，而已知条件中4结点的转角为0.005（正值），由 此可推知逆时针为正。建立图8-54所示坐标系。 8-12各杆轴力见图8-55。 8 -13 （0一0.7794E一0.7784E）。提示：用公式F=k么。题中未给出单元"
src18_p001.jpg,18_assignments_15.tex:80,423,35,0.7942,0.02654,0.0,text_heavy_convert_to_latex,F一、练习题 1.基本概念 9-1设直杆的轴向变： ）。（合肥工业 大学2009) A. 1 B. 2 c. 3 D. 4 9-2设直杆的轴向变形不计，图9-64所示体系的动力自由度为 （合肥工 业大学2006）  9 - 63 图9-64 9-3图9-65所示结构，其动力自由度个数为 （西安建筑科技学2011） 9-4判断题。结构的自振频率，振型都反映结构本身固有的动力特性。（ ）（中南 大学2009） 9-5结构的振动自由度是指确定
src18_p002.jpg,18_assignments_15.tex:186,716,41,0.7883,0.04583,0.0,text_heavy_convert_to_latex,数。（ 9-8判断题。对于单 ）（福 州大学2012) 9-9判断题。体系的 9-10使单自由度体系的阻尼增加，儿结果是（ ）。：附尼增加后仍是小阻尼 （西南交通大学2009） A.周期变长 B.周期不变 C周期变短 1).周期视具体体系而定 9~11阻尼力与质点速度大小成 （止比，反比），方向反；惯性力与质点加 速度大小成 （正比，反比），方向村反。（北京科技大学2010） 9－12下列叙述正确的是（）。（西安建筑科技大学2008） 
src18_p003.jpg,18_assignments_15.tex:250,385,27,0.7821,0.02923,0.0,text_heavy_convert_to_latex,"9-17图971所示约 同，不计柱的质 量，不计阻尼。试求质量m 9-18图9-72所示1小 和轴向变形，不计阻尼。设一 程；（2）质点m的振幅A。（重庆大学2009） Fpsiner 1841545 Ef-00 图 9 - 71 图9-72 3.多自由度体系的计算 9-19图9-73结构因横梁EIα，只能作反对称振动，试求其自振频率和主振型。 提示：两自由度结构自由振动振幅方程为 。（中南大学2010） 821mA, +(022m2 "
src18_p004.jpg,18_assignments_15.tex:304,354,25,0.7626,0.02836,0.0,text_heavy_convert_to_latex,12 12 12 图9 - 75 图 9 - 76 5.弹簧（支座）的计算 24EI 9-23图9-77（a）所示单跨梁的自振频率为 今在其集中质量m处加一 5ml3 竖向弹支承，如图977（h）所示，设弹贫的刚度系数为k，则图977（b）的白振频率 为  一。（北京科技大学2009） (a) (6) 图 9 - 77 9-24求图9-78所示体系的自振频率。质量为m，各杆EI=常数，弹性支承的刚度 系数k一EI/。（湖南大学2010）
src18_p005.jpg,18_assignments_15.tex:448,531,56,0.7241,0.03062,0.0,text_heavy_convert_to_latex,十二、练习题答案 9-1D。提示：增加的 9-22。提示：增加的链杆数见图9-82。 图9-81 图 9-82 9-3 2. 9- 4 9-5 C. 9-6 增大；减小。 9-7 X。提示：图9-66（a）的约束比图9-66（b）强，因此频率大。 9-8 X。提示：还应是简谐荷载且荷载作用在质量上。 6-6 X。提示：当》@时，β0. 9 - 10 A. 9 - 11 正比；正比。 9 - 12 C. Elg. 3. 92 9 - 13
src18_p006.jpg,18_assignments_15.tex:584,571,64,0.7023,0.03851,0.0,text_heavy_convert_to_latex,示：取反对称半结构见图9- 柔度系数= 18 18 -24 52.32 5kN 16.16kN El/2 52.32 1 16.16 动弯矩幅值图（单位：kv·m） 反对称半结构 图9-83 图 9 - 8-1 9-20假设水平振动方向为1方向（向右为正），竖向振动方向为2方向（向下为正）。 y()+mt) 4E//(0)+7ml) 48Ep2(0)=0 振动微分方程为 El ：自振频率w:=1.7 suy 32(t)+ 48E7(0)
src19_p001.jpg,19_assignments_16.tex:70,303,33,0.719,0.0163,0.0,text_heavy_convert_to_latex,四、练习题 11-1图11-24所乐刚性杆由两根 则体系的临界荷载为 11-2用静力法求图11-25所示结 11-3写图11-26所示压杆稳定 2008) E.4-99 13 dy E/~00 12 12 图11 - 24 [图 11 ~ 25 图11-26 11-4 试用静力法求图1127所示旺杆的临界荷载。 11-5 ：求图11-28所示压杆的临界荷载。EI为常数。 11-6 求图1129所示结构的稳定方程（不必求临界荷载）。 46
src20_p001.jpg,20_assignments_17.tex:132,506,51,0.6994,0.03229,8e-05,text_heavy_convert_to_latex,10 -1 [图1017所示四种单5 大的是（ （浙汀大学2012) A 图()  图 () 1. 图(b) D. [图 (d) (h) 1 10 - 17 10 - 2 图1017所示四种单跨梁，其材料、截面均相司，则极限荷载值最小的是（ （浙江大学212） A.[图(a) B.图(b) C 图(c) D).图(d) 10 - 3 图1018所示梁的极限弯矩为M.·则其极 限荷载P （浙江大学2009） 10 -4 如图10-19所示
src20_p002.jpg,20_assignments_17.tex:172,123,11,0.7009,0.00893,0.0,mixed_text_and_diagram,11-2 17 (d)Fp8 M. 7.图10 1:13 提示：相应的 d.: 提示：相应的破坏机构为截面B、）出现塑性铰。 提示：相应的破坏机构为截面A、B、（出现塑性铰： 提示：13C跨形成机构 提示：相应的破坏机构为截面A、3、（现塑性铰。
src20_p003.jpg,20_assignments_17.tex:194,81,7,0.6092,0.01538,0.0,mixed_text_and_diagram,BMutMuW=F Mu19+ Mu-0= Fp.191 =on-nw +o-hw +rnw Mu9+Mu-39=fp.9号+ 、4Mu0= Fp-g  4MLI
src20_p004.jpg,20_assignments_17.tex:224,134,16,0.5547,0.01674,0.0,mixed_text_and_diagram,"MuoikMa 8Mu 2Mu-0+ Mu 0+ Mu V0 = 0, =o-wL 191F92 Mu Dit Mu-(Ui+0r) (0+16 +i0) nw (x9] 159 2 Mu (itin+00) 1922 X-1 (1x)4 2-52)0 bhmu AA"
src20_p005.jpg,20_assignments_17.tex:264,123,14,0.5797,0.01908,0.00042,mixed_text_and_diagram,Dx 19 y.20 4muuAxhxs 30-19 60 2Mu-91t Mu. 02t 2Mu(91t07)-±x 3X91 2 Mu (49+ 30元) 3X91 Mu( 491+ 39n)= 3 X9) 023 N-129 913 30X
src20_p006.jpg,20_assignments_17.tex:288,90,9,0.5816,0.01514,0.0,mixed_text_and_diagram,1m9-.0 912 Mu0t Mugr Mu(it 02) +xtx 0x.g 4Mu (919v) (91 t-x MuDitma Mu(291tl0) (n0+io) nwz
src21_p001.jpg,21_notes_01.tex:58,307,25,0.8149,0.03756,0.00618,text_heavy_convert_to_latex,结力基础环 1-1图1-56所示体系的几何组成为（ ）。（浙江大学2008） A几何瞬变，无多余约束 B 几何不变 C. 几何常变 D.几何瞬变，有多余约束 瞬变体系，两个多余约束。 平行且等长，是常变。 平行不等长，是瞬变。 图 1 - 56  1-2欲使图1-S7所示体系成为无多余约束的几何不变体系，则需在A端加入（B （中南大学2011，合肥工业大学2009） A.固定铰支座 B固定支座 C滑动铰支座 D.定向支座 二元件 图1-
src21_p002.jpg,21_notes_01.tex:80,119,8,0.8171,0.02173,0.00544,mixed_text_and_diagram,1-4图1-59所示体系I 2010) 图 1 - 59 1-5图1-60所示体系的计算自由度W= （哈尔滨工业大学2011） 图 1 - 60 1-6图1-61所示体系几何不变且有多余联系。（×）（中南大学2012） 图 1 - 61 
src21_p003.jpg,21_notes_01.tex:108,204,12,0.8322,0.03154,0.01025,mixed_text_and_diagram,"1-7对图1-62所示体： 图 1-62 几何不变，三个多余约束。 1-8对图1-63所示体系作几何组成分析。（武汉科技大学2009） 几何不变，没多余约束 图 1 - 63 1-9对图1-64所示杆件体系进行几何构造分析。（武汉理工大学2008) 几何瞬变，一个多余 图 1 - 64  03是水平方向无穷远点，所以所有水平线都过o3， 那么0102这条水平线也过03， 因此o1,02,03在一条直线上。"
src21_p004.jpg,21_notes_01.tex:142,204,14,0.8329,0.03119,0.00995,mixed_text_and_diagram,1-10计算图1-65所 学2012) 图 1 - 65 几何不变，一个多余 1-11对图1-66所示平面体系进行几何组成分析，并指出结构超静定次数。（青岛理 工大学2012） 任何东西都可以作为一个体系 超静定次数是几何不变体系中多余约束数量。 几何不变，2个多余。 图1-66 1 - 12  分析图1－67所示体系的几何稳定性，写出分析过程。（东南大学2008) 图 1 - 67 几何不变，1个多余。
src21_p005.jpg,21_notes_01.tex:174,166,14,0.8022,0.03062,0.009,mixed_text_and_diagram,1 - 13  试对图1-68所 图 1 - 68  几何不变，无多余。 1 - 14  试对图1－69所示体系作几何组成分析。（山东建筑大学2008） 图1-69 几何不变，无多余。 1 - 15 计算图170的计算自由度，并作几何构造分析。（中国地震局工程力学研究所 2010) 7x2 - 13=/ 图1-70 常变，无多余约
src21_p006.jpg,21_notes_01.tex:210,330,16,0.7481,0.03481,0.01107,text_heavy_convert_to_latex,"1-16 对图 1-71所; 图 1 - 71 几何瞬变，一个多余 o3是水平方向无穷远点，所以所有水平线都过o3， 那么01o2这条水平线也过o3， 因此o1,02,03在一条直线上。 1-17计算图1-72所示体系的计算自由度，并进行几何构成分析。（北京工业大学 2010) 4对-2 -2(-) -2-2- 3=~l 几何不变，1个多余。 两种分析方法果不样，群不变，甜变，册久最终结论是不变非手 是因为没命理利川约束从我见过的题和大"
src22_p001.jpg,22_notes_02.tex:74,151,25,0.6717,0.03045,0.00306,mixed_text_and_diagram,结力基础班 求解图示结构的支性反力 30kn 15 kNim 3m (u) (b) 4k-m 140kN 0.2kNm 30 kN-m 2m 10 m 4m (c) (d) 20kN·m 20kN 6 kN.m 3m (e) .1o kN.m SkN.m 2.5 m 3a 小席上木号研第32/359页
src22_p002.jpg,22_notes_02.tex:84,2,1,0.6011,0.00659,0.00159,diagram_heavy_redraw_or_crop,5m
src22_p003.jpg,22_notes_02.tex:186,462,41,0.6699,0.02786,0.00808,text_heavy_convert_to_latex,"(a) 30 kV fx=p, Fax=0 MA 15 kA.m FAX ZFy=0,FAy=30+51=45kv Em4=0, MA-30x3-4x25=0 I m (h) 30 kN-m 140 kn Efy=o, Fey+ Fay- to EMc=0,30+F8g×3-40x1.5=D  Foy= Iokn, Feys 3oke .5m 4 m (0) 4 kn-n1 EF=D, Fay+ FB=0Zx 10 0.2kNm ZMA"
src22_p004.jpg,22_notes_02.tex:246,214,19,0.6418,0.02329,0.00932,mixed_text_and_diagram,"FAX TEAY ZFx=0, Fax- Fox=0 Lfy=o, Fas+ Fey= 10 0=$[x*z -01 *h '0=bw? FAX FAY 5m 5m IML=D, Fax- - FAy =D . FBy-7.5bw, Fay- 25kn, Faxe 上n, FBv= w FAX Fay Z(x=0, Fox - gh=0, IFy=0, 0 =hay +bf 3mA=0, Foyxl -chx b-0 Fpy"
src23_p001.jpg,23_notes_03.tex:50,133,23,0.6253,0.02453,0.01085,mixed_text_and_diagram,结力基础班第 ，画剪力图和弯矩图 tot' (a) M图 ol Bol Q图 N.m 30 kn 30 V 15 kN/m 3m 45kn ml= 30xl + ×15*1= 35 (b) 30 kn 15 kN/m 315 m (w.n) tm 30 α (ev)
src23_p002.jpg,23_notes_03.tex:86,116,16,0.6676,0.01414,0.00356,mixed_text_and_diagram,30kN-m 40kN 1.5 m 4m (c) 4kN.m 0.2 kN/m ms+o4x / -.ux2:0 2m 1.4 n 10 m Mi: +4+2-++1= 7.4 (d) 52.4 M图 (k.m) 91三月×10×星
src23_p003.jpg,23_notes_03.tex:132,45,9,0.6696,0.01189,0.00519,diagram_heavy_redraw_or_crop,20kN 6 kN-m 3 m (c) M图(kv.m) 6国 (m) 5a (f) 94
src23_p004.jpg,23_notes_03.tex:166,114,16,0.6818,0.01591,0.0066,mixed_text_and_diagram,"、试利用荷载集度、剪力和 5 kN/i 1 m. 2.5 m a/ =Zxlxs 10 (a) m(kmm) (m)0 I5 kN , 10 kN.m (b) 10 MA: ip+ x/ = Vs m((n.m) 15 () 8"
src23_p005.jpg,23_notes_03.tex:206,94,18,0.6168,0.01783,0.00851,mixed_text_and_diagram,"3a (c) 10151 2.6W9A 1598 1519 2M. Ma F98 3a 34 me Me (d) m4=0 , Fjox 54 + Me- 2me= 0 me ime 34"
src23_p006.jpg,23_notes_03.tex:232,56,11,0.6187,0.02266,0.01036,diagram_heavy_redraw_or_crop,4 kN·m 4 kN/m 4m (e) IMA-0 m (kw.m) Q (k) 11 4a 16 fx14=
src23_p007.jpg,23_notes_03.tex:270,74,13,0.6171,0.02515,0.01083,diagram_heavy_redraw_or_crop,M (k.n) 250 kV 250kN 10kN/m 10kn [0x刚二于40 180k (h) M (tw.m) r40 160 10 ()0
src23_p008.jpg,23_notes_03.tex:332,179,18,0.6556,0.05002,0.01999,handwritten_or_colored_note,"三，试作下列具有中间铰的梁 (a) nb EMi=O F8 4 - 9a×24=0 , FyB= 274 44 TFyB=224 结论：作用在铰上的集 可以认为是作用在铰的左边，也可以认为是作用在铰的右边。不影响最终的内力图。 (b) F=qa Ifey BY qa ImA=0, Fey*0 - 1Axq=0, Fy= 91 IFcy-74 BY IFcy"
src23_p009.jpg,23_notes_03.tex:348,38,7,0.6307,0.01232,0.00249,diagram_heavy_redraw_or_crop,"F-qa Fuy=0 IMA=0, Fiy= 0 Dh. M=qa C-BS"
src24_p001.jpg,24_notes_04.tex:52,171,22,0.7074,0.01573,0.0041,mixed_text_and_diagram,"结力基码 2-1图2-60所示结构截面A的弯矩（以下侧受拉为正）是（B ）。（西南交通大学 2008) A. M B. -M C. -2M D. 0 FLD FDE=O,Fio=0 FPE MA 10 图 2 - 60  2-2图2-61所示结构剪力FQm （重庆大学2010） FAY 图2-614 Fay-=0  Fay=0 FAY MC"
src24_p002.jpg,24_notes_04.tex:108,185,28,0.6793,0.0224,0.00473,mixed_text_and_diagram,"2-3 图2-62所示刚架中AB杆 2010) 30kN 2m 2m 10kNm MAB 5MA=0 MAb:35W.9 81>5kN-m 4m 5kNm 8rti 4m 2n1 ,2m 10kNm Btas 30kN 10 4m 2n 图263所示刚架，AD杆截面D弯矩Mmm--294 2-4 （内侧受拉为正)。（浙江 大学 2011) 2997 图 2 - 63 "
src24_p003.jpg,24_notes_04.tex:198,276,38,0.7213,0.03061,0.00552,text_heavy_convert_to_latex,"2-5试作图2-64所示结构的弯知 4kN 6kN/m 2m 图 2 - 6-4 认为4kn在B铰左边 10kN 4kN 6kNm 2m m: 20l TFyF-9 认为4kn在B铰右边 4kN hkNi 2-6作图2-65所示多跨梁的弯矩图和前力图，并给出ΛB杆的受力平衡图。（北京 交通大学2011) 20kN 10kN/m 40kN-m 20kN 40kN-m 10kN:m 8× 2m 8x2m 二0,m=常数 图 2 - 65 2"
src24_p004.jpg,24_notes_04.tex:224,105,15,0.7163,0.02159,0.0046,mixed_text_and_diagram,2-7求图2-66所示结构 40kN 40kN  40kl 2m 40kN/m 40kN 40KN 180 4m 2m 140 2 ~ 8 绘出图2-67所示结构的弯矩图。（武汉大学2010） 图 2 - 67
src24_p005.jpg,24_notes_04.tex:272,155,21,0.6615,0.02106,0.00578,mixed_text_and_diagram,2-9作图2-68所示静定冈 0=2*-/×+9 Mp= 2 3kN-m 2m 2m E= 61-21:5 (图 2 -68 EMg=0 绘制图2~69所示结构的弯矩图。（武汉科技大学20Q9 2 - 10 Wim 20kN 120 Fap=40 3F80+ 6m FaD= 4D kN 3m 3m 图2-69
src24_p006.jpg,24_notes_04.tex:312,156,20,0.6495,0.01975,0.00492,mixed_text_and_diagram,2-11绘图2-70所示结构 mp: + Foe in /2 - 12 2已知图2－71所示结构的弯矩图，试作剪力图和轴力图。已知Fp=10kN，M 40kN·m。（哈尔滨工业大学2010） 40 10 20 20 10ky 10= F'p M图(kN-m) Q图 20 2m 2m 图 2 - 7K 10 N图
src24_p007.jpg,24_notes_04.tex:356,170,21,0.6865,0.01827,0.00511,mixed_text_and_diagram,"2 - 13 作图2-72所示刚架白 I Fp-qt 1291 ME 图 2 - 72 ' ME- 2 - 14 绘出图2-73所示结构的弯矩图。（武汉大学2010） 2kN/m 4 4kN.m M=C 2kN/m 4kN-m 3kN 图2-73 ME Mob-2x2*1-4=0 MDB8 2ME=0, 8+ME-7x4=D, ME:70"
src24_p008.jpg,24_notes_04.tex:432,227,37,0.6853,0.03443,0.00806,mixed_text_and_diagram,2-15作图2-74所示结 30kN-m 力图。 10kN 10kN/m 170-Fo 8m 2m m (wm) FT40 图 2 ~ 74 14805 30kN-m 30kN-m IOkN 875 4m 10kN 518 4m 30kN 30kN 10kN/m 90 4m 815 8m 8m (0(m) 2-16 求图2－75所示结构的内力，并作弯矩图。（可不写过程）（东南大学2008） Fpa re Fpa 图2-75 Fpa #x
src24_p009.jpg,24_notes_04.tex:496,276,41,0.6694,0.03008,0.00566,text_heavy_convert_to_latex,2 - 17 作图2-76所示结 20kN/m /NO1 6m 6m 6m 6m 图 2 - 76 6525 20kN/m 20kN/m SMA:0 6525 2fj8- (oxi-36x75- wx12x 6 =D 10kN/m 6m 7-3 6m 6m m9e7x6x3-4875x 6=675 2 - 18 作图2-77所示结构弯矩图。（中南大学2010） 10kN/m 10kN/m 30kN 1-40×4=40 wz 40kN 4
src24_p010.jpg,24_notes_04.tex:552,287,30,0.6765,0.0301,0.00694,text_heavy_convert_to_latex,2-19已知结构在集中力 示，其中BC段 为二次抛物线，试确定结构所受 图。（北京交通 大学2009） 3qq? 2g82 2941 2a2 294 3941 124 24x G* 2+ 8Ek4= 394* . OE- 214 图 2 - 78 2-20已知图2-79所示静定刚架的弯矩图（曲线部分为二次抛物线），试绘图标出作 用于刚架上的荷载，并作出剪力图和轴力图（假设各杆无局部平衡的轴向荷载，无分布力 偶）。（浙江大学2012） 9
src24_p011.jpg,24_notes_04.tex:588,128,16,0.7099,0.01737,0.00336,mixed_text_and_diagram,2-21不经过计算，绘制 109) 10kN-m 5m 3m  图 2 -80 2 -22 试求解图2-81所示刚架，并绘制弯矩图。（东北大学2005） 反对称荷载下，弯矩图和轴力图是反对称的 剪力图是正对称的。 3FP 3m 3m 3m 3m 图 2 -
src25_p001.jpg,25_notes_05.tex:42,172,19,0.7328,0.0246,0.00422,mixed_text_and_diagram,"支座连杆的。 图2-140所示桁, 2 - 23 .f）（C）。（中南大学 2010) A.6根 B. 7根 C.8根 D. 9 根 Fp 2+2+1+2+I 图2-140 两轩结点1无外力作用时 ，则两纤均为零纤 2 - 24  计算图2－141所示桁架中1、2杆件的轴力。（重庆大学2010) Fnp. o5450 Fp 图 2 - 141"
src25_p002.jpg,25_notes_05.tex:94,154,16,0.6931,0.03198,0.00706,mixed_text_and_diagram,"2 - 25 求图2-142所示 50kN 30kN IFx-o, + Fy=0  Fuls -5o kn 图2~142 F03 Sino= 2-Fm. +2-Fnz =0 2 - 26 求图2－143所示结构中指定杆件1、2的轴力。（广州大学2008） Fp 图 2-143 ZmA-0, FnSmb Fp"
src25_p003.jpg,25_notes_05.tex:140,174,16,0.6679,0.03654,0.0106,mixed_text_and_diagram,"2 - 27 求图2-144所 2Fp 图 2- 144 FyAx 4d+ 2px 2d = h-d+ Fpx 3q .. Fy4= 0 .Fm- 0, 2 - 28 作图2-145所示桁架中a、6、℃杆轴力。（西南交通大学2010） FNA Fra+ Fpx . Fn4=-Fp 图2-145 Fnexd-Fpxy- Fuax FP ' Frb:"
src25_p004.jpg,25_notes_05.tex:182,158,16,0.6804,0.02534,0.00491,mixed_text_and_diagram,"2 - 29 试求图2-146所示 2d 2d "" Fnb- 图 2 - 146  Imb=0, Fpx2d + F54x 2d - Fpxd=0, F5A= 1MB=0 2d 2 - 30  求图2-147所示架中α、b杆件的内力。（北京航空航天大学2008) 6x1 FN4=0 [图] 2 - 147 Fub:"
src25_p005.jpg,25_notes_05.tex:240,128,14,0.6666,0.02425,0.00481,mixed_text_and_diagram,2 - 31 计算图2-148所 Frax#+ Ppzo 图 2 - 148 2 - 32 求图2～149所示架中1、2杆件的轴力。（西南交通大学2007) Fp Fp a/2 Fn.n45'× L=0 图2-149 0=y +7 × 0y FP FNBE
src26_p001.jpg,26_notes_06.tex:74,193,18,0.7387,0.038,0.01017,mixed_text_and_diagram,"图2-163所示结构 2 - 33 滨工业大学2011） A. 0 C. -0.5Fp D. -Fp 特别注意：梁式杆中，有轴力，剪力和弯矩，不要遗漏。 Fp FNA FNBL 图2-163 2-34对图2－164所示结构，作受弯杆件的弯矩图，算出各链杆的轴力（标注在杆件 旁边）。（北京交通大学2010） A-0, Fus- Fm.4 + 90. 图2-164 ZMA=0 ￥14=0"
src26_p002.jpg,26_notes_06.tex:144,225,25,0.6835,0.03939,0.01196,mixed_text_and_diagram,"2 - 35 对图2-165所示 ZMA=D Q= 2412 fnxl + x2lxl=0 Ful=-2 α 29l+ FM+ Fu2= 0, Fm2=0 图2-165 290 2 - 36 试作图2－166所示结构的弯矩图、剪力图、轴力图。（哈尔滨T业大学2010） a=g xoz + ^xh xo2 + x9 20kN/m 4o 20kN 7140 3m FuAL 130 140 FNDAE. 4m 图 2 - 166 30kn E"
src26_p003.jpg,26_notes_06.tex:184,98,11,0.7108,0.02076,0.00587,mixed_text_and_diagram,图 2 - 167 2-38 作图2-168所示结构的弯矩图。（重庆大学2012) 2kN/m FEx .8 -2×tx6=0  F5x= 6 ≤FEX=6 gh  4m 4m 图 2 - 168
src26_p004.jpg,26_notes_06.tex:204,51,9,0.6925,0.01067,0.00353,diagram_heavy_redraw_or_crop,2 - 39 作图2-169所示线 FP Fp! MA FpL 忽略了BD中的剪力 MA 图2-169
src26_p005.jpg,26_notes_06.tex:210,0,0,0.0,0.0,0.0,diagram_heavy_redraw_or_crop,
src26_p006.jpg,26_notes_06.tex:216,0,0,0.0,0.0,0.0,diagram_heavy_redraw_or_crop,
src27_p001.jpg,27_notes_07.tex:84,285,30,0.6737,0.03544,0.01259,text_heavy_convert_to_latex,"结刀基础切 图2-188所示铰 2 - 40  正），拱轴线方程为 （一2）。（广西大学2010） q-20kN/m 48kN 70 O=iw? 0-70x 10 10m . Mke 6m 6m 图2-188 ZMc= 0, 48x4 + 4Fxe - 6fyb=D,  Fxb= fkw 122 10 2 - 41 图2-189所示三铰拱的水平支座反力是多少？（武汉大学2010） 20kN 20kN 3m 6m 图 2-189 fyb="
src27_p002.jpg,27_notes_07.tex:192,272,25,0.6771,0.03333,0.01123,text_heavy_convert_to_latex,"2010) 图 2 - 190  FNAB= - FP 2-43图2-191所示三铰拱，拱轴线方程为y 4f (lr一r²），其中f4m，l=16m, 则截面D弯矩Mp等于 ，截面D剪力FQD等于 。（浙江大学2012) 4(外例受) 16FyB -9x8×4=0,. fjB=29 IMt= 0 1. Fxb= 49 4fxb -29×8-0, 12 m 8m 图 2 - 191 (i6x12 - 12) 162 ZMp: 0, MDt"
src28_p001.jpg,28_notes_08.tex:58,304,27,0.7415,0.02906,0.00443,text_heavy_convert_to_latex,3-1图3-48所示结构在 下，截面K的剪力最大 值FQKmax为 （天津大学   /= 1 x(b+1)*于 xoL =xgu [09] 20kN/m BY 相对位移方向和剪力正方向一致。 Im 8m 6m 图3-48 静定结构的影响线都是直线，不是曲线。 ABC是一个刚片，所以就是一条直线。 3-2求图3-48所示结构在任意长度可动均布荷载20kN/m作用下截面K的最大弯 矩|Mkmaxl。（华南理工大学2013） I- 0= ta
src28_p002.jpg,28_notes_08.tex:128,297,37,0.6648,0.03556,0.00789,text_heavy_convert_to_latex,yK右= ；在图示移动荷载 Fpl--S0kN / Fp2=20kN +2m* 5m 8m ↓ 2m 12ml 8m I. 图3-49 注意：用机动法画影响线时，如果画出来的在梁线以上，标“+” Qkmax= + 040 kn 3-4  用机动法作图3-50所示多跨静定梁中MA、FBB、Me、M&的影响线。（湖南大 学 2008) [Fp=1 3m 1m 2m Fp=1 3m IIm/im /Im/Iml 2m 顺针 逆时针 ABC是一
src28_p003.jpg,28_notes_08.tex:140,19,4,0.6556,0.00385,0.00075,diagram_heavy_redraw_or_crop,Fp=1 3m m/im 1/m1im
src28_p004.jpg,28_notes_08.tex:272,320,46,0.6399,0.04292,0.01157,text_heavy_convert_to_latex,2011) Fp=1 2m 2m 2m 2m 图3-51 1Fp=1 2m 2m 2m 2m [Fp=1 2m 2m 2m 2m 3-6 用静力法作图3-52所示结构的Mc、FQE、MA影响线。Mc以杆DC下侧受拉为 正；MA以AK杆端下侧受拉为正。（Fp=1在FDCH段上移动）（青岛理工大学2012） 05 ≤ 3a [Fp=] Fey a-w了 DY Fuyx49 = 1x (x-9) X-4 2a MG = FiyxL6: 34 
src28_p005.jpg,28_notes_08.tex:340,219,26,0.7187,0.04884,0.01414,mixed_text_and_diagram,"Fp=1 2m 2m 2m 2m 图3-53 Fp-1 2m 2m 3-8  移动荷载Fp一1在下弦移动，试作图354所示桁架杆件内力FNa和FNc的影响 线。（河北工业大学2008） 2.4m 2mx6=12m Fugx2.4 +T×4=0, Fna=-T 图3-54 AB, BC A.B 2.4m JA：单位力在A点时，a杆轴力。 2mx6=12m AB, BC A.B JA：单位力在A点时， 2mx6=12m : A=YL= 0"
src28_p006.jpg,28_notes_08.tex:464,117,15,0.6676,0.04575,0.01842,handwritten_or_colored_note,"南大学2009) 6xa AC, DB A,C D.B JA: 单位力在A点时，1杆轴力。 6x4 4=96=0, 6xa A'D,p'e',e'F',F'B' A',d', e', F', b' Ye': -l Ae, Ef,fb."
src28_p007.jpg,28_notes_08.tex:508,103,20,0.6843,0.02085,0.00742,mixed_text_and_diagram,3-10 作图3-56所示结格 Fp=1 4m 4m 4m 图 3 - 56 Fp=1 Pp=! 4m 4m 4m 4m 4m Fp=1 4m 4m 4m 4m 机动法画影响线，是承载杆沿着荷载方向的位移。
src28_p008.jpg,28_notes_08.tex:572,181,24,0.67,0.02495,0.00763,mixed_text_and_diagram,"NDE、剪QIVI的呵： FNDE和MBC。（武汉理工大学2011 就换用联合 3m 3m 3m ABL, CD B,c,D JB：单位力在B点时，de杆的轴力。 JB=D Yc= 0, 3m 3m 3m J0=-2 yo:单位力在D点时，Bc杆的剪力。 90=0 3m 3m 单位力在D点时，MpL。 ML= -4x-×3x)= -18 km 3m 3m 3m"
src28_p009.jpg,28_notes_08.tex:586,50,6,0.7491,0.01133,0.00204,diagram_heavy_redraw_or_crop,3 - 12 2试求358所示结 动）。（青岛理工大学2008） Fp-1 图3-58 [Fp-1 
src28_p010.jpg,28_notes_08.tex:630,207,21,0.643,0.0265,0.00763,mixed_text_and_diagram,"Fp=1 1/2 1/2 图3-59 B. C, D yp=0, ye=o, J8=1 1/2 112 3 - 14 用静力法作图3～60所示组合结构的MR、FN1、F2的影响线。（青岛理工大学 2009) Fp1 Fp-1 FM o=ry 3m 3m 2mE:0, Fm:3+ 1x(3-x)=0 > Fm= 4).  -1 图 3-60 Zf=, Fn +I + Fv= 0 > Fv=--(-) X-=·=W"
src28_p011.jpg,28_notes_08.tex:722,233,30,0.6931,0.03814,0.00825,mixed_text_and_diagram,"设拱上布满方向向下沿轴方向 平反力FHA的值。（武汉理工大学2 FHA FH8 1/2 1/2 ，FHA=夺 图 3- 61 FHA FHB 112 112 3 - 16 （1）作图3-62所示结构支座D反力FRD和K点弯矩Mk的影响线；（2）求图 示移动荷载组作用下Mk的最大值。（要考虑荷载掉头）（西南交通大学2012） 30kN 10kNI 30kN m, 2m  Fp=1 4m 4m ++++ot 个个 6m 4m 4m4m 30"
src29_p001.jpg,29_notes_09.tex:78,324,34,0.6601,0.04077,0.00996,text_heavy_convert_to_latex,【例4-49]图4-42(a)1/>141171IT1) 我东叉马牛FI－常数，二力 杆抗拉刚度为EA，弹簧刚度k一3HI/256，试求（点的竖向位移。（北京交通大学2012） (AQ120 AB：[rp 120kNm 20kN 一创(三× 4x 40x 4x3) 4m 2m 4m 2m EN EN 4m 4m 2m 2m 2m 4-1图4-13所示结构中截面A转角（设顺时针为止）为（C）。（哈尔滨T业大学 2009) A. 2Fru/
src29_p002.jpg,29_notes_09.tex:126,83,11,0.6278,0.01917,0.00348,mixed_text_and_diagram,4-3 4 所示 4-4图16所小 点距离 一（河北「业大学 4-5图44.所示桁架：各杆拉伸刚度为FA：「X杆的转角为 （天津大学 EA EA. EA: EA EA
src29_p003.jpg,29_notes_09.tex:248,177,23,0.6237,0.03743,0.01518,handwritten_or_colored_note,"图] -1 - 48 图4 - 48 Mp =(14 **12 +2 *14 *后 Mi+ M2+1=0 WI-2aTNL-A:0 NI:-ZN) 1-2M,+/=0 15947 N=94 NT= -249 N2= -2NI (x)+创(+24 ) () MI=94 4-8 20kN 10仅 4m 4m 0= 10 - axtx(-F),h4n (T)"
src29_p004.jpg,29_notes_09.tex:274,78,9,0.5949,0.02724,0.00969,diagram_heavy_redraw_or_crop,99 414 (3 寸 +x+r[a+ 2*a+ + ]- Fmp.Cosd -2+ Fp=0 FM T x2 + p=0 3m×4 Tpx 1x 6 EA
src29_p005.jpg,29_notes_09.tex:338,367,29,0.6789,0.03481,0.01022,text_heavy_convert_to_latex,4-12图4-51所示结构由= 庆大学2012） 4-13图4-55所示多跨静贷 -0. 00lrad. 图中-10m，则铰B两侧截面的 Icm 2m 2m 图4 54 图 4  55 Ix Dct Fe.CeD 1x0B+ Fr:c=0 0=* *+ +0× 0= 000* + g01*0l *% + 18x 8=- (5) 0b= - 3x103 (u 1) 4 - 14  计算图4-56所示结构由于支座移动产生的铰C的角位移。（湖
src30_p001.jpg,30_notes_10.tex:82,457,33,0.7632,0.03788,0.00305,text_heavy_convert_to_latex,1.基本概念 5－1判断题。力法方程，实际上是力的平衡方程。（X）（福州人学2012） 5-2判断题。图5-－125（a）所示桁架结构可选用图5-125（b）所示的体系作为力 法基本体系。（V）（西南交通大学2008） 5-3 图5126（b）所示结构可作为图5126（a）所示结构的基本体系。（×） （烟台大学2013） (a) (6) (a) (9) 图 5  125 图5~126 Mmds 5-4对比图5-127（a）、（b）两个刚
src30_p002.jpg,30_notes_10.tex:126,206,16,0.7267,0.02211,0.00288,mixed_text_and_diagram,5-6 Fp 2a 2a (a) (b) 图5-129 5-7判断题。图5-130所示结构中，梁AB的截面EI为常数，各链杆的EA相同， 当EI增大时，则梁截面D弯矩代数值M，增大。（X）（中国矿业大学2011） 5-8图5-131所示两结构中，荷载Fp作用于跨中A、B处，ni、n2均为比例常数， 则当n>n²时，跨中弯矩（ （）。（浙江大学2010） A.MA=MB B. MA>MB C. MA<MB D.
src30_p003.jpg,30_notes_10.tex:214,48,13,0.6046,0.02211,0.00868,diagram_heavy_redraw_or_crop,"Fp EA =0 LAD 16 5-8 n1=00, Fe nE! n.hr 0=W 12 mp"
src30_p004.jpg,30_notes_10.tex:304,536,40,0.7842,0.03642,9e-05,text_heavy_convert_to_latex,Fp 图5 130 B. MA>Mr A.MA=Mn C. MA<MR ID.不确定 5-9结构上没有荷载就没有内力，这个结论在什么情况下适用？在什么情况下不适 用？（四川大学2009） 5-10判断题。图5-132所示两铰拱，已知支座B处下沉了△ε=0.01f，此时的水平 反力为零，EI=常数。（V ）（天津大学2011） 5 - 11 图5·133所示结构，为了减小基础所受弯矩，可（C）。（西南交通大学 2012) A.减小I B.
src30_p005.jpg,30_notes_10.tex:356,108,21,0.6659,0.01232,0.00015,mixed_text_and_diagram,3kN V3- dy wg 2m 6m 2m 图 5-134 图 5 - 135 图5 - 136 10kN Mo 13 t0kN/m 3m 3m (a) (b) 图 5 - 137 图 5 - 138 图5-139
src30_p006.jpg,30_notes_10.tex:444,150,20,0.6475,0.02892,0.00942,mixed_text_and_diagram,512. 139 -EA 5 -13 8fcy - 4x 4x2- 10x 630 Fay- 10kN 10kN q=4kN/m3 g-4kN/mz 16.4 4m 4m 2m 2m (()-(-0 元-=[( +x9 ++*2 × +1 ×9 ×2] × * Sn=(++++) 4m 2m1.2m
src30_p007.jpg,30_notes_10.tex:518,73,15,0.6215,0.02448,0.00915,diagram_heavy_redraw_or_crop,5-4 98.92 2kN/m 31 3kN 6m 2m 6m 2m ug 0p (br9x 6) -x6(6+6)x6 6m XI= Mo Mo
src30_p008.jpg,30_notes_10.tex:650,156,22,0.6354,0.04465,0.01536,handwritten_or_colored_note,"5-16 uinth) GA (3t乐) 4 = +× +x"" oedg taxuy +xhg 10kN 10kN/m 3m 3m .1m (a) (b) 0=[01 -(x9×0]- h19 45 35 -(9xix) 6p (+x3x 9xix) [(1+ ×58 9×+ ]1? 7x 1 50 7x 12"
src30_p009.jpg,30_notes_10.tex:750,311,35,0.7171,0.03653,0.00354,text_heavy_convert_to_latex,研究生入学考试辅导丛书结构力 3kN EA 1 1/4  6m 图5-134 图5-135 图 5 - 136 10kN Fp W/NXO! 3m (P) (b) 图5-137 图5-138 图 5-139 3.对称性的利用 (e) 5-18图5-140所示结构中各杆EI一常数，在给定荷载作用下，H.= M=_○。（浙江大学2009) 图5141所示桁架中杆轴力FN:= 5 -19 （西南交通大学 2010) 5-20已知图5-142所
src30_p010.jpg,30_notes_10.tex:788,166,24,0.6995,0.01475,0.00145,mixed_text_and_diagram,"5-21判断题。图5 M=0.Fa±0,F>=0. F 5-22用力法求图5 的弯矩图。设受弯 各杆EI=常数，而CD杆 5-23用力法计算图~ EI/16，EI=常数。 （合肥工业大学2008） 2g q-16kN/m WN EA XID T6 EA. 2m 2m 2m 2m 2m 2m 图5-143 图5-144 图5-145"
src30_p011.jpg,30_notes_10.tex:886,132,24,0.6045,0.03769,0.01366,mixed_text_and_diagram,"2g XID 2m BI 2m 2m 2m , m,+ mp= M 0=dig +1xay +1x3 0=ho +1xug +X12g mpy 2m 5-23 2m 13.48 EA 4m MP 2m 2m 专xx ** 0 =1X (-]x 4+ (-1] 31"
src30_p012.jpg,30_notes_10.tex:980,410,47,0.7215,0.03088,0.00228,text_heavy_convert_to_latex,5 - 24 图]5-146 所; 2011) 用力法作图5 5 -25 19) 5-26 用力法计算图 010) wz 28kNB 28k 13 DR 2E 3ms 4m 4m 3m 图5-146 图] 5 - 1.17 []5- 148 5-27用力法计算图5-149所示结构，并作M图。各杆EI=常数，FA=EI/²，（广 州大学2007) 5 -28 利用结构的对称性作图5-150所示结构的弯矩图。已知EI=常数，链杆EA为 尤穷
src30_p013.jpg,30_notes_10.tex:1090,197,37,0.6115,0.03596,0.015,handwritten_or_colored_note,"o=dg +1x1y +i4ng okN/nvo EI-常数 4m 4m 32 3EL 64+85 X=0 (x 2)() ismit mp= 18 28kN 92 28kn 14 kN EI 78 2E1 EI 24 3m 3m 24 3m m(in.m) 14 kN B 18 14 kN B15 E! 18 EI 42 1.5m 0=d.o +x""s ZI =1X - (s1 ×_=do"
src30_p014.jpg,30_notes_10.tex:1196,217,28,0.6019,0.03549,0.01242,mixed_text_and_diagram,21/11= va 0.591 510391 (-1)x Ix(-1) 713 KEA -=(1×)~hy=19 Xi0 0.0789 21 13 810 E4X Xim+ Ximit mp=M d..xi+ o1p7o 10kh 10kN 10kN 100 4m OkN JOkN 120 80 6m 6m 6m M(kn.u) 0= 一(*4x 0× 6) - m- 9 (e21 +o0 )hx × Xi mIt myem 6m
src30_p015.jpg,30_notes_10.tex:1282,76,13,0.6274,0.02623,0.00657,diagram_heavy_redraw_or_crop,f-29 Fp/2 Fp/2 Sm((x ax) 362 XIMI+MP=M 5:30 6A=00 20kN 2m 3m 3r opx oxx2xux 
src30_p016.jpg,30_notes_10.tex:1338,246,26,0.7553,0.02153,0.00014,mixed_text_and_diagram,4.弹性支承超静定结构的 5-31图5-153（a）所 其力法典型方程 为（ ）。为弹簧刚度。（中 Fp 20kN EAr0 1x 3m (a) (b) 图 5-151 图5-152 图 5 - 153 5-32求图5-154所示结构在给定基本体系下的力法方程及方程中的所有系数。（青 岛理工大学2008) 5 - 33 试计算图5-155所示具有弹性支座的结构，并作弯矩图。抗转刚度系数k。= 3E1 （中国矿业大学2008） 3E7 E
src30_p017.jpg,30_notes_10.tex:1406,121,18,0.6218,0.03053,0.0123,mixed_text_and_diagram,"5-37 -3FF 6= i(x x ht) 7.1x SnXi+ 6p=- 533 3E7 EI-常数 EI-常数 1/2 1/2 EI-常数 EI-常数 1/2 1/2 1/2 op (-24n + ) -()= XI M, + m: M"
src30_p018.jpg,30_notes_10.tex:1470,327,28,0.7374,0.02167,0.0038,text_heavy_convert_to_latex,"5.支座发生位移和温度变 5-34图5-156中等FI （青岛理T大 学2008） A.低温侧 B. 高 8X, +012X2 +4c-41 判断题。取图5－157所示结构基本体系，则力法方程为 5 - 35 101X1+022 X2+4=4 4=0V Ixbic + Fe. C2o Ix bict 0 （福州大学2011) 0.4-0 4. = 5 - 36 图5158所示刚架除承受荷载外，支座A下沉了△=2cm，且顺时针转动了6一 "
src30_p019.jpg,30_notes_10.tex:1518,248,30,0.682,0.02695,0.01105,mixed_text_and_diagram,5 - 36 图5-158所示刚架 0.0lrad。已知E=2.1X10'kN 图。（华南理工 大学2009) 50kN +21'℃ ++ 4m (a) (b) 图5~156 图5-157 图5-158 &nxi+ bp+ bi= 0 306 50kN ym 63.04 50kN 56 n3 1575 ywkn. m? bp= -(xnx lwwimx 4m)= fe- L=0 0= xun+ 4×+ 10 × Ix bict IL= 
src30_p020.jpg,30_notes_10.tex:1588,335,28,0.7674,0.031,0.00268,text_heavy_convert_to_latex,6.超静定结构的位移计算 5-37图5-159所示梁（跨长1）支座位移产生的跨中点竖向位移为（ （哈尔 滨工业大学2011) A. kp/16 B. lop/8 C. lp/4 D. lp/2 5-38图5-160所示为计算得到的超静定刚架的弯矩图，则C点的角位移Φc= ，E点的水平位移△HE= （湖南大学2011） 5-39图5－161所示一端固定、另一端定向支承的等截面梁，当A端发生单位转角 0=1时，B端的竖向位移△= （重庆大学
src30_p021.jpg,30_notes_10.tex:1614,79,12,0.714,0.00927,0.0023,diagram_heavy_redraw_or_crop,研究生入学考试辅导丛书结构力 据结构与荷载的特点，选用 理工.大学 2011) 20kN-m 20kl 110 2m 2m 2m 2m 图5-162 ((3)
src31_p001.jpg,31_notes_11.tex:110,619,46,0.7993,0.05694,0.00618,text_heavy_convert_to_latex,研究生入学考试辅导丛书结构2 十、练习题 1.基本概念 6 -1 位移法的典型方 ）（烟台大 学 2014) 6 - 2 图6-117所示结构用位移法求解时，结点未知数为 。（天津大学2008） 6 -3 指出图6－118所示结构用位移法解题时，未知量的数目。（武汉大学2010） 6 - 4 图6-119所示结构，若用力法求解，其最多的未知量个数为。7个；若用位 移法求解，其最少的末知量个数为 。（西安建筑科技大学2011） 图 6 -
src31_p002.jpg,31_notes_11.tex:176,186,25,0.6251,0.03724,0.01429,mixed_text_and_diagram,6 - 10 用位移法作 YnXi+ R.p=0 2EI R.p=0 EL Rp+ 图 6 - 123 [图 6-124 Fp* 图 6 -125 6-9 YuXit Rp=D Yus Pp-元 XIMit p: M T X++ Yovx++ .p=0 o=dd +tx +iX ink 5 FpL R.p= Fpl Rap=0 o-dw 139 16E2 0=+ 2X 
src31_p003.jpg,31_notes_11.tex:226,186,29,0.7014,0.03953,0.01131,mixed_text_and_diagram,6-11 用位移法计算图6- 大学 2011) 6-12 用位移法求图612 矩图。设已知各杆 件的相对线刚度：横梁为1，竖 011) 60kN 21kN/m 150kN:m =dd ++xw +iX nt 8m 1/2 1.2m/2m 1/2 6m 图 6 - 126 图6-127 Fp=q! 1/2 4/2 1/2 1/2 mp 888 1/2 +wX Xi Mi+
src31_p004.jpg,31_notes_11.tex:286,131,23,0.6635,0.02207,0.00329,mixed_text_and_diagram,60kN 21kN/m TuXitYixitPp=0 =dd +tx +iXnt 8m 2m[2m l 6m 60kN 21kN/m 150kN-m 30 AUT Ripe-2 8m 2m|2m 8m 6m 2m|2m 6m Yhzl! 8m 2m/2m/ 6m
src31_p005.jpg,31_notes_11.tex:326,155,17,0.697,0.01545,0.00341,mixed_text_and_diagram,用位移法求解图6-128所示结构，作M图。EI为常数。（青岛理工大学2010） 6- 用位移法计算图6-129所示结构并作其弯矩图。（西安建筑科技大学2008） 1.5EI 5-6 34kN/m 3kN/m tttftt 88 3EI 1.54V 4m 5n1 8m 图 6 - 128 图 6 -1  3.2
src31_p006.jpg,31_notes_11.tex:408,153,27,0.6553,0.02824,0.00816,mixed_text_and_diagram,1.5E1 3kN/m 1.5EI 1.5EI Rp=4 4m 5m 4m PAJEZ 191 3x1-5E2 1.5E 157 4m Rp EL 34kN/m 3EL 4m 13 8m XI= XI Mit 34kN/m 3.刚度无穷大杆件的计算 图6-130所示结构中截面A弯矩M^一 业大学2011)
src31_p007.jpg,31_notes_11.tex:484,105,23,0.6123,0.03598,0.01302,mixed_text_and_diagram,"El,=c0 EI Rp=- hp ER 139 EA PREL 22P 6 -16 Fipe 24 12kN/m 12kN/m E1-00 46 dn1 4m 4m 4m 4m 4m mp X13 E/-00"
src31_p008.jpg,31_notes_11.tex:534,110,15,0.7012,0.04267,0.01496,mixed_text_and_diagram,"6 - 17 作图6-132所示 用位移法作图6- 6 - 18 二，各柱相对线刚度 如图中所示。（华南理工大学 El-00 4kN/m 图6-132 图6-133 E= c Mp , Xi Mi- mp:M 96 IR"
src31_p009.jpg,31_notes_11.tex:626,78,14,0.6228,0.02966,0.01313,diagram_heavy_redraw_or_crop,"36 36 EAD 注意：杆件变形量为，杆轴力为 EA, I+ EAL EAz, lz T'F2 4kN/m 1111 +IXV 100 4kN/m w01"
src31_p010.jpg,31_notes_11.tex:660,24,5,0.6111,0.01053,0.00524,diagram_heavy_redraw_or_crop,to 200 4kN/m wol m (r.n)
src31_p011.jpg,31_notes_11.tex:684,102,7,0.771,0.01403,0.00334,mixed_text_and_diagram,6-19 用位移法求图6-134所示结构的弯矩图。FI=常数。（北京L业大学2013） 6-20 用位移法作图6-135所示结构弯矩图。EI=常数。（ 理工大学2006) 图6134 YaXitR·P=O
src31_p012.jpg,31_notes_11.tex:724,140,17,0.6921,0.04312,0.01301,mixed_text_and_diagram,mp 5662 XIMI+ 6-21 作图6－136所示结构的M图，各杆EI=常数。（西南交通大学2010） 6 - 22 用位移法作图6－137所示结构M图。各杆EI=常数。（山东建筑大学2012) 35 4kN/m 21 21 3m 11111 3m 3m 图6-136 图6
src31_p013.jpg,31_notes_11.tex:780,213,28,0.6376,0.0337,0.00906,mixed_text_and_diagram,YuXt Kopzo 2.5 4kN/m 21 3m 3m 3m XI3 XIMitP:M Rp: 1/2 1/2 mp Vnxit R.p=0 TEL Ximt mp= m 6 - 23 用位移法作图6－138所示结构M图。各杆EI=常数。（山东建筑大学2009） 6 - 24 用位移法作图6-139所示结构M图。已知各杆EI常数 40kN 12 1/2 12 02 4m 2m 图 6 - 138 T.Xit P.pzo
src31_p014.jpg,31_notes_11.tex:832,98,22,0.6359,0.02064,0.00528,mixed_text_and_diagram,XI mI+ mp:M 1/2 1/2 1/2 1/2 12 112 12 1/2 1/2 mp 70 kN 4m 4m 2m 2m Rpe-ho 4m 2m 4m 2m XI Mi+ mp- M
src31_p015.jpg,31_notes_11.tex:950,253,53,0.6698,0.0465,0.01456,mixed_text_and_diagram,6-25用合适的方法计算图 业大学2011) 6 - 26 根据对称性用位移法 数。（青岛理工 大学2012) 275 12kN 3kN/m 10kN/m wg 6m 4m 4m 2m 2m 4m 4m 图6-140  12kN 3kN/m 0.56 hon'! Rip:  0.60 45 0.49 4m 2m 4m XI mt 3kN/m 3.34 1131 6m 6m 0.08 2m 2m 4m 2m 4m 4m 2m EI Rip
src31_p016.jpg,31_notes_11.tex:1006,31,3,0.7447,0.01787,0.00386,diagram_heavy_redraw_or_crop,6 - 27 用位移法作图6－142 Xi mit Mpe m
src31_p017.jpg,31_notes_11.tex:1046,113,14,0.6459,0.0299,0.00856,mixed_text_and_diagram,"6-30用位移法计算图6 数=5EI/，EI=常数。（合）  -14 +1 0= +x +x""l 661 图6-145 c=d+ X  +Xn 01 12 1/2 XI=- 1/2 1662 XI Mi+ Ximt Mp: M"
src31_p018.jpg,31_notes_11.tex:1106,207,26,0.6735,0.03149,0.01346,mixed_text_and_diagram,7.支座位移和温度改变日 6-31用位移法求解图6 (已知：EI=4.8X 104kN·m²）（东南大学2007） 6-32图6-147所示刚 去作弯矩图。（天津 大学2008） 36 21 .02m 6m 6m 图6-146 图6~147 36 16=0.02m n Xi+ Ric=0 XImi+M=M =0.02m 3200 Ricsr1 bo ML bx k.gx 1o*002 20 12E20 1311
src31_p019.jpg,31_notes_11.tex:1160,39,6,0.6122,0.01104,0.00367,diagram_heavy_redraw_or_crop,Yr= 13i 1216 MI XIMI4 mC: M 13i. X  130
src31_p020.jpg,31_notes_11.tex:1212,142,20,0.6713,0.04665,0.01166,mixed_text_and_diagram,8.用位移法求超静定结构 6-33用位移法求解图6 013) 图6-149所示结 6 - 34  荷载作用，同时D 支座下沉△。试求及结点转角 回八。（理八学2010） 2tp 图 6 - 148 0-149 EI El= 00 XI 119L* 762 EL EI 139 1802
src31_p021.jpg,31_notes_11.tex:1268,25,5,0.5779,0.01933,0.01026,diagram_heavy_redraw_or_crop,=d +义以 4139 3E10 491 9139
src32_p001.jpg,32_notes_13.tex:118,339,43,0.6852,0.05458,0.0176,handwritten_or_colored_note,8-1  单元刚度矩阵是指下 2010、中国地震局工程力学研究所 A．杆端位移和杆端力 C.杆端位移和结点荷载 8-2判断题。结构刚度矩 关系。（×）（烟台 大学2013) 2.刚度矩阵的计算 试用先处理法建立图8－43所示结构的结构刚度矩阵 8-3 忽略杆件的轴向变形 （EI=常数）。（湖南大学2008） 8- 4  求图8－44所示刚架结构刚度矩阵的任意两个主元素（自由结点）。已知各杆 I/A=1/10。（西南交通大学2010） L
src32_p002.jpg,32_notes_13.tex:168,194,18,0.7358,0.0384,0.01054,mixed_text_and_diagram,"|A= 1 //0 EA M,6 4m 1566 T|A= I //0 4m 3.等效结点荷载 8-5 图8-45所示结构按矩阵位移法计算，则与结点 示）对应的等效结点荷载向量为 （浙江大学2012） 8-6图8-45所示结构，已知两杆EI=常数。若按矩 别为91、△2，则杆件BC左、右端的弯矩各为 （浙江大学2012） 290. + 8-7 试求图8-46所示结构中结点3的综合结点荷"
src32_p003.jpg,32_notes_13.tex:268,174,31,0.6805,0.04709,0.02128,handwritten_or_colored_note,4m 12 1/2 4m 图8-45 图8-46 12H 6FI 013 1211 250 199 注意：在矩阵位移法中， 如果题目中完全没有刚度相关的数据， 这种类型的题目，是 是需要考虑轴向变形 的。 12kN/m 15kN.m 20kN (4. 5.6) (7.8.5) (1.2.3) 69 1(0gp) 4m 4m 4m 10 16 10
src32_p004.jpg,32_notes_13.tex:368,330,47,0.7409,0.04006,0.01064,text_heavy_convert_to_latex,"按先处理法求图8-4 8-8 南交通大学2007） 8-9 图8-48（a）所示结 轴向变形，整体坐标见图8-48（b），图中 20kN-m (1,0,2) 括号内数码为结点总码（力和位移按水平、 (1,0,3) 5kN 3kn 竖直、转动方向顺序排列），求等效结点荷载 列阵P。（山东建筑大学2008) 6kN/m 2kN 4kN 5kN-m 12kN/m M.0 (0,0,0) M,0 (0,0,0) 4m 3(0,0,3) 4m 4"
src32_p005.jpg,32_notes_13.tex:434,307,27,0.6915,0.04864,0.01018,text_heavy_convert_to_latex,12 -12 10 k -8 knm 区-6=12 8 10 图8-49所示平面结构用矩阵位移法计算，引人支承条件后的整体刚度矩阵为 多少阶？求结点2和结点5的综合结点荷载列阵。（中南大学2011） 4.内力和位移的计算 [41516) (7.8.9) 8-11已知图8-50所示连续梁的结点 位移列阵4=（—0.0030.0040.005)T（分 别为结点2、3、4的转角）、设各杆的E=2X 2(10期) (oJn) 10*kN/cm²
src32_p006.jpg,32_notes_13.tex:514,250,29,0.6733,0.04922,0.02359,handwritten_or_colored_note,8 - 11  已知图8-50所示连续梁的结点 位移列阵4=（—0.0030.0040.005)T（分 别为结点2、3、4的转角），设各杆的E=2X 10°kN/cm²，I=400cm，l=400cm。求单元 El= 210'kaftn'x yoch+× 10* 4kN-m 2.4kN/m 5.6kN·m 12x 8W 1元0 310 150 = 150 2 ten'g- 3.2 6x 8w 300 0.8 t- 4* 80 -150 
src32_p007.jpg,32_notes_13.tex:550,86,11,0.6531,0.03275,0.01858,handwritten_or_colored_note,"（上海大学2008、武汉大学2008 FP 4m L0,0 图8-51 α= 90°, bjd=U, lind=l Ko= T fo T- (in @- TT @T: 12"
src32_p008.jpg,32_notes_13.tex:580,34,5,0.5724,0.02395,0.01224,diagram_heavy_redraw_or_crop,176 F0  =  T -0 = -22.12 37.0 1700
src32_p009.jpg,32_notes_13.tex:594,36,4,0.6754,0.00879,0.0023,diagram_heavy_redraw_or_crop,737 图8－52所示结构，已知结点2的水平、竖向和转角 1667 -0
src32_p010.jpg,32_notes_13.tex:706,320,44,0.6762,0.05357,0.02478,handwritten_or_colored_note,"Fp M.8 图8-51 图8-52 12EI 6E1 4EI k32=k62 —k3 =k6s = k3g —2k6y=k66= k22=—k52k55 （浙江大 13 学2008） 39 7I- 0. 092% 126 49- 6E - 01667 -6 LL -GE 99- 0111.0 0. 00 IE 8 - 14 用矩阵位移法计算并作图8-53所示连续梁的弯矩图。各杆EI相同，为常数。 （重庆大学2009） (010,0) "
src33_p001.jpg,33_notes_14.tex:100,451,40,0.7669,0.04635,0.00428,text_heavy_convert_to_latex,十一、练习题 1.基本概念 9-1设直杆的轴向变形不计，图9-63所示体系的动力自由度为（D）。（合肥工业 大学2009） A. 1 B. 2 C. 3 D. 4 9-2 i 设直杆的轴向变形不计，图9-64所示体系的动力自由度为_乙。（合肥工 业大学2006） m2 m3 图9-63 图9-64 图9－65所示结构，其动力自由度个数为 9 -3  。（西安建筑科技大学2011) 9-4 判断题。结构的自振频率、振型都反映结构本身固有的
src33_p002.jpg,33_notes_14.tex:182,662,35,0.8099,0.05359,0.00407,text_heavy_convert_to_latex,研究生入学考试辅导丛书结构 9 -8  判断题。对于单 系数。（×）（福 州大学2012） 9-9判断题。体系的动力系数一定大于1。（×）（福州大学2011) 9-10使单自由度体系的阻尼增加，其结果是（ （西南交通大学2009） C.周期变短 A.周期变长 B.周期不变 D.周期视具体体系而定 9-11阻尼力与质点速度大小成 （正比，反比），方向相反；惯性力与质点加 速度大小成 （正比，反比），方向相反。（北京科技大学2010） 9-
src33_p003.jpg,33_notes_14.tex:278,331,37,0.677,0.0413,0.01364,text_heavy_convert_to_latex,9-13已知图9-67中结 D点作用一简谐荷载F（t）=F 数。印异采拓 的自振频率、周期及D点处最 工大学2011) 9-14计算图9-68中结 [图（不计水平自 由度影响）。已知结构集中的重 点作用一简谐荷载 F(t)=Fpsingt，其中Fp=5kN，0=0.8u，EI为常数。（不计阻尼的影响）（青岛理工大学 2012) IFr(0) B. 3m 2m 4m 2m 2m 图9-67 图 9-68 9-15 9-14 4m 2m 2
src33_p004.jpg,33_notes_14.tex:334,193,21,0.6943,0.03992,0.0132,mixed_text_and_diagram,4m .2m+.2m. 9-15已知图9-69中m=3 /min，不计杆件质量， EI=6×103kN·m²，求质点的最大位移。（大津大学20ll) 阻尼。（西南交通大学2012） FP Fpsingt 2m 2m 图9-69 图9-70 m= 300 k5 2m 2m 6E2 Fpt' bx bx (o?kw.hy. ：38-73 509 9d= Jt- β= 2.13x 10 m
src33_p005.jpg,33_notes_14.tex:364,219,13,0.7624,0.02693,0.00259,mixed_text_and_diagram,9-17图9-71所示结构承受简谐荷载Fpsinot的作用，设各柱EI相同，不计柱的质 量，不计阻尼。试求质量m的最大动位移。设一 （湖南大学2012） 9-18图9-72所示结构承受Fpsingt简谐荷载的作用。各杆EI相同，不计杆的质量 和轴向变形，不计阻尼。设6元 专w，为结构的自振频率。试求：（1）体系的振动微分方 程：（2）质点㎡的振幅A。（重庆大学2009） Fpsingt EI=00 图9-71 图 9 - hh3 h3
src33_p006.jpg,33_notes_14.tex:408,27,5,0.6139,0.01017,0.00289,diagram_heavy_redraw_or_crop,Fpsiner yd βyt: 1662 1/2 MP
src33_p007.jpg,33_notes_14.tex:498,255,25,0.6771,0.02612,0.00535,mixed_text_and_diagram,"9-19图9-73结构因横梁EI1=，只能作反对称振动，试求其自振频率和主振型。 A, +012m2A,=0 提示：两自由度结构自由振动振幅方程为 （中南大学2010） 821 miAl +(022m  Az=0 9-20建立图9-74所示结构的振动微分方程，并求解结构的自振频率和振型。（东南 大学2013) Elj=00 2m 2m 图9-73 图9-74 9-19 Sh mt 18 一x 1+3x 2 shpip 18m 184 2"
src33_p008.jpg,33_notes_14.tex:592,147,17,0.6127,0.02767,0.0119,mixed_text_and_diagram,A12 9-20 9(t)= sn(-mjr0])+ Sn(-nyrul) Sy sn (-mgi t)+Sn(- mitl) 48E7 Jn mi Sn. m! mt' 13'8 入= 0.346] 5.89 入z: D.07887 Siz my Au 0.619 A12 ~ 0.0-883
src33_p009.jpg,33_notes_14.tex:610,92,6,0.8354,0.00777,0.0,mixed_text_and_diagram,4.对称性的利用 9-21求图9-75所示体系的自振频率和主振型，EI=常 西南交通大学2008） 9-22 试求图9-76所示对称体系的最低自振频率。EI=常 重庆大学2009类似）
src33_p010.jpg,33_notes_14.tex:696,54,10,0.6237,0.02958,0.01148,diagram_heavy_redraw_or_crop,"图 9 - 75 图 9 - 76 0.39 04 bA, 3E1 M分 1399 120E1 20 =w)"
src33_p011.jpg,33_notes_14.tex:716,0,0,0.0,0.00301,0.00231,diagram_heavy_redraw_or_crop,
src33_p012.jpg,33_notes_14.tex:782,356,28,0.7578,0.05658,0.01372,text_heavy_convert_to_latex,研究生入学考试辅导丛书结构力学 12 12 图9-75 图9-76 5.弹簧（支座）的计算 24EI 9-23图9-77（a）所示单跨梁的自振频率为w= 今在其集中质量m处加一 5ml3 竖向弹簧支承，如图9-77（b）所示，设弹簧的刚度系数为k，则图9-77（b）的自振频率 （北京科技大学2009） 24E1 (a) (b) 图9 -77 9 - 24 求图9-78所示体系的自振频率。质量为m，各杆EI=常数，弹性支承的刚度 系数k=
src33_p013.jpg,33_notes_14.tex:830,116,9,0.5834,0.01064,0.00467,mixed_text_and_diagram,9-5 12 I29(t) 15m1yt) +ons me yit) m y6* + 2y(t*t + myt)* *- 7my() *2s0 (am+ 9m) jt) + j6*h):0 +m+ 9m 1H)=0 4m1+ 9m2
